nan,nan,nan,nan,7.731958762886570469e-03,0.000000000000000000e+00,-3.608247422680399552e-03,nan,nan,nan,9.278350515463973033e-03,3.608247422680399552e-03,nan,nan,nan,7.216494845360799104e-03,nan,nan,nan,0.000000000000000000e+00,nan,nan,nan,nan,nan,nan,nan,nan,nan,5.154639175257713646e-04,nan,nan,nan,nan,2.577319587628856823e-03,nan,nan,0.000000000000000000e+00,0.000000000000000000e+00,3.092783505154628187e-03,1.185567010309282986e-02,0.000000000000000000e+00,9.793814432989721847e-03,0.000000000000000000e+00,0.000000000000000000e+00,0.000000000000000000e+00,nan,0.000000000000000000e+00,nan,0.000000000000000000e+00,0.000000000000000000e+00,nan,nan,1.030927835051542729e-03,nan,nan,nan,4.639175257731964833e-03,2.061855670103085458e-03,0.000000000000000000e+00,0.000000000000000000e+00,2.577319587628856823e-03,nan,nan,7.731958762886614704e-03
nan,nan,nan,nan,3.157894736842115167e-03,0.000000000000000000e+00,nan,nan,nan,nan,nan,-3.684210526315801100e-03,nan,nan,1.578947368421057583e-03,nan,nan,nan,nan,nan,nan,nan,nan,nan,nan,nan,nan,nan,nan,5.263157894736858250e-04,nan,nan,nan,nan,-5.263157894736858250e-04,nan,nan,0.000000000000000000e+00,0.000000000000000000e+00,-1.578947368421057583e-03,0.000000000000000000e+00,0.000000000000000000e+00,6.842105263157915833e-03,0.000000000000000000e+00,-6.842105263157915833e-03,0.000000000000000000e+00,nan,-7.368421052631602200e-03,5.263157894736858250e-04,nan,-2.105263157894743300e-03,nan,nan,-4.210526315789486600e-03,5.263157894736858466e-03,nan,nan,nan,nan,nan,0.000000000000000000e+00,1.052631578947371650e-03,-1.578947368421057583e-03,nan,1.052631578947371650e-03
nan,nan,nan,nan,-1.049868766404182764e-03,0.000000000000000000e+00,nan,nan,nan,nan,-6.299212598425185487e-03,-1.417322834645666843e-02,nan,nan,nan,nan,nan,nan,nan,nan,nan,nan,nan,nan,nan,nan,nan,nan,nan,5.249343832021358342e-04,nan,nan,nan,nan,-1.154855643044618886e-02,nan,nan,0.000000000000000000e+00,0.000000000000000000e+00,-4.724409448818867215e-03,-5.774278215223094431e-03,0.000000000000000000e+00,-3.674540682414662116e-03,nan,-1.627296587926507776e-02,0.000000000000000000e+00,nan,-1.259842519685037097e-02,nan,-2.624671916010479136e-03,0.000000000000000000e+00,nan,nan,-5.774278215223071879e-03,nan,nan,nan,nan,nan,0.000000000000000000e+00,0.000000000000000000e+00,-5.249343832020913819e-04,nan,nan,-5.249343832020980823e-03
nan,nan,nan,nan,1.012658227848062297e-03,0.000000000000000000e+00,-1.518987341772159907e-03,nan,nan,nan,-4.050632911392426996e-03,-6.075949367088639627e-03,nan,nan,nan,-2.220446049250313204e-17,nan,nan,nan,-5.063291139240533745e-04,nan,nan,nan,nan,nan,nan,nan,nan,nan,0.000000000000000000e+00,nan,nan,nan,nan,-3.037974683544319814e-03,nan,nan,0.000000000000000000e+00,0.000000000000000000e+00,-4.050632911392426996e-03,-6.582278481012693652e-03,0.000000000000000000e+00,-1.518987341772159907e-03,0.000000000000000000e+00,-3.037974683544319814e-03,0.000000000000000000e+00,nan,-2.025316455696235616e-03,nan,nan,0.000000000000000000e+00,0.000000000000000000e+00,nan,-2.220446049250313204e-17,nan,nan,nan,1.518987341772093337e-03,1.012658227848039962e-03,0.000000000000000000e+00,0.000000000000000000e+00,2.025316455696124594e-03,nan,nan,-4.556962025316480154e-03
nan,nan,nan,nan,2.519685039370078705e-02,0.000000000000000000e+00,-3.674540682414706352e-03,nan,nan,nan,nan,8.923884514435709292e-03,nan,nan,nan,nan,nan,nan,nan,nan,nan,nan,nan,nan,nan,nan,nan,nan,nan,2.624671916010479136e-03,nan,nan,nan,nan,-4.199475065616797842e-03,nan,nan,0.000000000000000000e+00,0.000000000000000000e+00,2.309711286089239854e-02,2.887139107611547129e-02,0.000000000000000000e+00,1.259842519685039353e-02,0.000000000000000000e+00,-4.199475065616797842e-03,0.000000000000000000e+00,nan,-1.049868766404205098e-03,nan,3.464566929133858914e-02,0.000000000000000000e+00,nan,nan,-2.099737532808387645e-03,nan,nan,nan,nan,nan,0.000000000000000000e+00,0.000000000000000000e+00,3.464566929133858914e-02,nan,nan,4.094488188976377202e-02
nan,nan,nan,nan,2.365038560411316521e-02,0.000000000000000000e+00,nan,nan,nan,nan,2.622107969151672366e-02,-3.084832904884282547e-03,nan,nan,nan,nan,nan,nan,nan,nan,nan,nan,nan,nan,nan,nan,nan,nan,nan,1.028277634961472040e-03,nan,nan,nan,nan,-1.542416452442130215e-03,nan,0.000000000000000000e+00,0.000000000000000000e+00,0.000000000000000000e+00,3.496143958868900420e-02,3.547557840616968189e-02,0.000000000000000000e+00,1.336760925449875792e-02,2.056555269922899411e-03,-6.169665809768587646e-03,0.000000000000000000e+00,nan,-3.084832904884260429e-03,2.827763496143964606e-02,nan,0.000000000000000000e+00,nan,nan,1.542416452442174667e-03,nan,nan,nan,nan,nan,0.000000000000000000e+00,0.000000000000000000e+00,2.622107969151674794e-02,nan,nan,3.341902313624682541e-02
-4.851752021563382131e-03,nan,nan,nan,-2.695417789757459381e-03,0.000000000000000000e+00,-2.156334231805967418e-03,nan,nan,nan,-2.695417789757437264e-03,5.390835579514475107e-04,nan,nan,2.695417789757370477e-03,-2.695417789757459381e-03,nan,nan,nan,-2.156334231805967418e-03,-8.086253369272289673e-03,nan,4.312668463611823814e-03,nan,nan,nan,nan,nan,nan,0.000000000000000000e+00,nan,nan,nan,nan,-3.773584905660443307e-03,nan,nan,0.000000000000000000e+00,0.000000000000000000e+00,-5.390835579514918546e-04,-3.234501347708951344e-03,0.000000000000000000e+00,-3.773584905660420756e-03,nan,5.390835579514696285e-04,0.000000000000000000e+00,nan,-1.617250673854475672e-03,nan,nan,0.000000000000000000e+00,0.000000000000000000e+00,nan,0.000000000000000000e+00,nan,nan,nan,-1.078167115903006044e-03,5.390835579514475107e-04,0.000000000000000000e+00,0.000000000000000000e+00,-3.234501347708951344e-03,nan,nan,5.390835579514252846e-04
nan,nan,nan,nan,1.511335012594461433e-03,0.000000000000000000e+00,3.022670025188922867e-03,nan,nan,nan,4.030226700251904673e-03,1.511335012594439099e-03,nan,nan,nan,8.060453400503786794e-03,nan,nan,nan,1.511335012594483551e-03,1.007556675062959472e-03,nan,8.060453400503809346e-03,nan,nan,nan,nan,nan,nan,1.511335012594461433e-03,nan,nan,nan,nan,5.541561712846343121e-03,nan,0.000000000000000000e+00,0.000000000000000000e+00,0.000000000000000000e+00,1.007556675062959472e-03,1.057934508816122873e-02,0.000000000000000000e+00,5.037783375314908163e-03,nan,4.030226700251882122e-03,0.000000000000000000e+00,nan,-5.037783375314797358e-04,5.037783375314797358e-04,nan,0.000000000000000000e+00,nan,nan,-2.518891687657398570e-03,nan,nan,nan,9.068010075566767733e-03,7.052896725440804988e-03,0.000000000000000000e+00,0.000000000000000000e+00,3.526448362720402494e-03,nan,nan,4.534005037783383867e-03
nan,nan,nan,nan,2.015113350125941061e-03,0.000000000000000000e+00,-3.526448362720424612e-03,nan,nan,nan,4.534005037783362183e-03,4.030226700251882122e-03,nan,nan,nan,-3.022670025188922867e-03,nan,nan,nan,-2.015113350125941061e-03,-7.556675062972306733e-03,nan,-1.511335012594439099e-03,nan,nan,nan,nan,nan,nan,0.000000000000000000e+00,-2.015113350125963178e-03,nan,nan,nan,3.022670025188922867e-03,nan,0.000000000000000000e+00,0.000000000000000000e+00,0.000000000000000000e+00,1.007556675062959472e-03,4.534005037783383867e-03,0.000000000000000000e+00,-2.518891687657442806e-03,0.000000000000000000e+00,1.007556675062959472e-03,0.000000000000000000e+00,nan,-1.007556675062959472e-03,nan,nan,0.000000000000000000e+00,0.000000000000000000e+00,nan,5.037783375315019619e-04,nan,nan,nan,1.007556675062959472e-03,1.511335012594461433e-03,0.000000000000000000e+00,0.000000000000000000e+00,0.000000000000000000e+00,nan,nan,2.518891687657420688e-03
nan,0.000000000000000000e+00,nan,nan,2.067183462532273981e-03,0.000000000000000000e+00,0.000000000000000000e+00,nan,nan,nan,-1.033591731266159108e-03,3.617571059431501368e-03,nan,nan,4.651162790697637925e-03,1.033591731266136991e-03,nan,nan,nan,-3.617571059431545603e-03,-2.067183462532318217e-03,nan,-1.550387596899205269e-03,nan,nan,nan,nan,nan,nan,0.000000000000000000e+00,nan,nan,nan,nan,2.067183462532273981e-03,nan,nan,0.000000000000000000e+00,0.000000000000000000e+00,-1.033591731266159108e-03,nan,0.000000000000000000e+00,8.785529715762274358e-03,5.684754521963775349e-03,5.684754521963797033e-03,0.000000000000000000e+00,nan,-5.167958656330684953e-04,nan,0.000000000000000000e+00,5.167958656330684953e-04,nan,nan,0.000000000000000000e+00,nan,nan,nan,8.785529715762274358e-03,4.134366925064569646e-03,0.000000000000000000e+00,0.000000000000000000e+00,3.100775193798410538e-03,nan,nan,6.201550387596887863e-03
nan,0.000000000000000000e+00,nan,nan,3.124999999999977622e-03,0.000000000000000000e+00,nan,nan,nan,nan,-5.208333333333037274e-04,5.208333333333347789e-03,nan,nan,nan,nan,nan,nan,nan,nan,nan,nan,nan,nan,nan,nan,nan,nan,nan,-2.604166666666673895e-03,nan,nan,nan,nan,0.000000000000000000e+00,nan,nan,0.000000000000000000e+00,0.000000000000000000e+00,3.645833333333348136e-03,1.458333333333332663e-02,0.000000000000000000e+00,1.458333333333332663e-02,6.250000000000000347e-03,-7.812500000000000000e-03,0.000000000000000000e+00,nan,-5.729166666666651517e-03,nan,-5.208333333333259535e-04,-1.562499999999977752e-03,nan,nan,-6.770833333333348310e-03,nan,nan,nan,nan,nan,0.000000000000000000e+00,0.000000000000000000e+00,5.208333333333347789e-03,nan,nan,2.968749999999999861e-02
nan,nan,nan,nan,2.710997442455240908e-02,0.000000000000000000e+00,nan,nan,nan,nan,nan,1.790281329923271159e-02,nan,nan,nan,nan,nan,nan,nan,nan,nan,nan,nan,nan,nan,nan,nan,nan,nan,3.069053708439839316e-03,nan,nan,nan,nan,1.534526854219930934e-03,nan,0.000000000000000000e+00,0.000000000000000000e+00,0.000000000000000000e+00,2.097186700767263851e-02,2.097186700767263851e-02,0.000000000000000000e+00,2.966751918158567689e-02,0.000000000000000000e+00,-4.603580562659881706e-03,0.000000000000000000e+00,nan,-7.672634271099765257e-03,-5.115089514066584620e-04,nan,0.000000000000000000e+00,nan,nan,-5.115089514066584620e-04,nan,nan,nan,nan,2.762148337595906472e-02,0.000000000000000000e+00,0.000000000000000000e+00,2.608695652173911167e-02,nan,nan,2.455242966751915862e-02
nan,nan,nan,nan,1.845386533665838158e-02,0.000000000000000000e+00,nan,nan,nan,nan,nan,-5.486284289276777137e-03,nan,nan,nan,nan,nan,nan,nan,1.097256857855362019e-02,nan,nan,nan,nan,nan,nan,nan,nan,nan,3.491271820448904779e-03,nan,nan,nan,nan,4.488778054862874352e-03,nan,0.000000000000000000e+00,0.000000000000000000e+00,0.000000000000000000e+00,1.795511221945143149e-02,3.341645885286785578e-02,0.000000000000000000e+00,2.344139650872820863e-02,0.000000000000000000e+00,-7.980049875311711477e-03,0.000000000000000000e+00,nan,-7.481296758104693731e-03,1.446384039900254839e-02,nan,0.000000000000000000e+00,0.000000000000000000e+00,nan,-8.977556109725637681e-03,nan,nan,nan,nan,nan,0.000000000000000000e+00,0.000000000000000000e+00,2.144638403990024519e-02,nan,nan,1.945137157107230605e-02
nan,nan,nan,nan,1.203007518796990125e-02,0.000000000000000000e+00,nan,nan,nan,nan,1.052631578947365101e-02,-1.303258145363412820e-02,nan,nan,nan,nan,nan,nan,nan,nan,nan,nan,nan,nan,nan,nan,nan,nan,nan,-3.007518796992503067e-03,nan,nan,nan,nan,-1.403508771929828924e-02,nan,0.000000000000000000e+00,0.000000000000000000e+00,0.000000000000000000e+00,-7.518796992481235550e-03,1.052631578947365101e-02,0.000000000000000000e+00,1.503759398496207298e-03,nan,-2.305764411027568656e-02,0.000000000000000000e+00,nan,-1.453634085213035762e-02,-2.506265664160434257e-03,nan,0.000000000000000000e+00,nan,nan,-9.022556390977464966e-03,2.205513784461150470e-02,nan,nan,nan,nan,0.000000000000000000e+00,0.000000000000000000e+00,3.007518796992458832e-03,nan,nan,7.518796992481147079e-03
nan,nan,nan,nan,1.714285714285714718e-02,0.000000000000000000e+00,-1.558441558441558874e-03,nan,nan,nan,1.194805194805195238e-02,9.870129870129872723e-03,nan,nan,1.818181818181818787e-02,4.675324675324677055e-03,nan,nan,nan,-1.038961038961039394e-03,5.714285714285716015e-03,nan,1.038961038961039307e-02,nan,nan,nan,nan,nan,nan,5.194805194805196969e-04,nan,nan,nan,nan,3.116883116883117748e-03,nan,nan,0.000000000000000000e+00,0.000000000000000000e+00,1.038961038961039307e-02,9.350649350649354111e-03,0.000000000000000000e+00,8.831168831168833763e-03,0.000000000000000000e+00,2.077922077922078788e-03,0.000000000000000000e+00,nan,2.077922077922078788e-03,nan,0.000000000000000000e+00,0.000000000000000000e+00,0.000000000000000000e+00,nan,-5.194805194805196969e-04,nan,nan,nan,1.454545454545455065e-02,1.662337662337663030e-02,0.000000000000000000e+00,0.000000000000000000e+00,1.870129870129870822e-02,nan,nan,1.818181818181818787e-02
nan,nan,nan,nan,-9.523809523809512526e-03,0.000000000000000000e+00,-1.269841269841269840e-02,nan,nan,nan,-6.349206349206304098e-03,-5.291005291005124395e-04,nan,nan,nan,-4.761904761904744987e-03,nan,nan,nan,-7.407407407407373863e-03,-7.407407407407395547e-03,nan,-5.291005291005346656e-04,nan,nan,nan,nan,nan,nan,1.587301587301603780e-03,nan,nan,nan,nan,-2.116402116402138663e-03,nan,nan,0.000000000000000000e+00,0.000000000000000000e+00,-4.232804232804232222e-03,nan,0.000000000000000000e+00,0.000000000000000000e+00,nan,5.291005291005346656e-04,0.000000000000000000e+00,nan,-2.116402116402116111e-03,nan,0.000000000000000000e+00,-2.645502645502628876e-03,0.000000000000000000e+00,nan,2.220446049250313204e-17,nan,nan,nan,3.703703703703742443e-03,3.174603174603207560e-03,0.000000000000000000e+00,0.000000000000000000e+00,2.645502645502673111e-03,nan,nan,2.116402116402138663e-03
nan,nan,nan,nan,-3.544303797468351287e-03,0.000000000000000000e+00,nan,nan,nan,nan,nan,-1.265822784810128818e-02,nan,nan,nan,nan,nan,nan,nan,nan,nan,nan,nan,nan,nan,nan,nan,nan,nan,-3.037974683544319814e-03,nan,nan,nan,nan,-1.417721518987338260e-02,nan,nan,0.000000000000000000e+00,0.000000000000000000e+00,-3.544303797468351287e-03,-6.582278481012648549e-03,0.000000000000000000e+00,-5.063291139240489076e-03,-2.025316455696213498e-03,-2.025316455696202222e-02,0.000000000000000000e+00,nan,-1.417721518987338260e-02,nan,-7.594936708860688945e-03,-1.772151898734175557e-02,nan,nan,-1.822784810126580959e-02,-3.544303797468351287e-03,nan,nan,nan,0.000000000000000000e+00,nan,0.000000000000000000e+00,1.012658227848106749e-03,-7.594936708860733181e-03,nan,-3.544303797468351287e-03
nan,0.000000000000000000e+00,nan,nan,4.603580562659925941e-03,0.000000000000000000e+00,-9.718670076726287216e-03,nan,nan,nan,1.176470588235298785e-02,-6.649616368286403664e-03,nan,nan,1.585677749360618963e-02,nan,nan,nan,nan,-3.069053708439861868e-03,nan,nan,nan,nan,nan,nan,nan,nan,nan,1.534526854219997504e-03,nan,nan,nan,nan,-5.626598465473109725e-03,nan,nan,0.000000000000000000e+00,0.000000000000000000e+00,1.023017902813305735e-02,1.023017902813305735e-02,0.000000000000000000e+00,-1.432225063938616892e-02,nan,-1.534526854219930934e-03,0.000000000000000000e+00,nan,-4.603580562659836603e-03,nan,0.000000000000000000e+00,-4.092071611253178358e-03,nan,nan,-3.580562659846520113e-03,nan,nan,nan,8.695652173913104299e-03,8.695652173913126851e-03,0.000000000000000000e+00,0.000000000000000000e+00,5.115089514066584620e-04,nan,nan,1.023017902813305735e-02
-4.724409448818888899e-03,nan,nan,nan,-1.049868766404182764e-03,0.000000000000000000e+00,-2.624671916010479136e-03,nan,nan,nan,-5.249343832021002507e-03,3.149606299212637413e-03,nan,nan,nan,-5.249343832021025058e-03,nan,nan,nan,-4.724409448818911450e-03,-4.199475065616820393e-03,nan,6.824146981627321647e-03,nan,nan,nan,nan,nan,nan,-1.049868766404182764e-03,nan,nan,nan,nan,5.249343832021136080e-04,nan,nan,0.000000000000000000e+00,0.000000000000000000e+00,-3.149606299212592744e-03,-1.049868766404182764e-03,0.000000000000000000e+00,-1.574803149606274254e-03,3.674540682414751021e-03,-1.049868766404182764e-03,0.000000000000000000e+00,nan,5.249343832021136080e-04,nan,5.249343832021136080e-04,nan,nan,nan,0.000000000000000000e+00,nan,nan,nan,5.774278215223116115e-03,4.724409448818934001e-03,0.000000000000000000e+00,0.000000000000000000e+00,5.249343832021025058e-03,nan,nan,7.349081364829391019e-03
nan,nan,nan,nan,4.687500000000022378e-03,0.000000000000000000e+00,1.562500000000000087e-03,nan,nan,nan,2.083333333333325932e-03,4.166666666666674415e-03,nan,nan,nan,0.000000000000000000e+00,nan,nan,nan,-1.562499999999977752e-03,-2.604166666666673895e-03,nan,3.645833333333348136e-03,nan,nan,nan,nan,nan,nan,0.000000000000000000e+00,7.812500000000000000e-03,nan,nan,nan,5.729166666666674068e-03,nan,0.000000000000000000e+00,0.000000000000000000e+00,0.000000000000000000e+00,-1.562499999999977752e-03,8.854166666666673374e-03,0.000000000000000000e+00,3.124999999999977622e-03,0.000000000000000000e+00,-5.208333333333259535e-04,0.000000000000000000e+00,nan,-5.208333333333259535e-04,0.000000000000000000e+00,nan,0.000000000000000000e+00,nan,nan,0.000000000000000000e+00,nan,nan,nan,1.041666666666662966e-02,4.687499999999999827e-03,0.000000000000000000e+00,0.000000000000000000e+00,3.124999999999977622e-03,nan,nan,1.197916666666665186e-02
nan,nan,nan,nan,3.007518796992503067e-03,0.000000000000000000e+00,-5.012531328320469094e-04,nan,nan,nan,1.503759398496273868e-03,1.002506265664182506e-03,nan,nan,1.052631578947373948e-02,-1.503759398496229416e-03,nan,nan,nan,4.440892098500626408e-17,-1.002506265664138054e-03,nan,3.508771929824594429e-03,nan,nan,nan,nan,nan,nan,1.503759398496273868e-03,nan,nan,nan,nan,-2.506265664160389588e-03,nan,nan,0.000000000000000000e+00,0.000000000000000000e+00,3.007518796992503067e-03,6.015037593985006134e-03,0.000000000000000000e+00,6.015037593985006134e-03,0.000000000000000000e+00,1.002506265664160389e-03,0.000000000000000000e+00,nan,-2.005012531328298660e-03,nan,8.020050125313326478e-03,0.000000000000000000e+00,nan,nan,0.000000000000000000e+00,nan,nan,nan,5.513784461152892655e-03,6.516290726817075378e-03,0.000000000000000000e+00,0.000000000000000000e+00,8.020050125313326478e-03,nan,nan,6.015037593984984450e-03
nan,0.000000000000000000e+00,nan,nan,-4.787234042553234828e-03,0.000000000000000000e+00,5.319148936169914698e-04,nan,nan,nan,-4.255319148936198906e-03,8.510638297872286789e-03,nan,nan,1.595744680850996744e-03,nan,nan,nan,nan,-2.659574468085179610e-03,nan,nan,nan,nan,nan,nan,nan,nan,nan,1.063829787233982940e-03,nan,nan,nan,nan,-2.127659574468121571e-03,nan,nan,0.000000000000000000e+00,0.000000000000000000e+00,-8.510638297872375260e-03,1.276595744680846314e-02,0.000000000000000000e+00,2.127659574468054784e-03,0.000000000000000000e+00,-4.787234042553212277e-03,0.000000000000000000e+00,nan,2.127659574468054784e-03,nan,1.595744680851041196e-03,1.063829787234027392e-03,nan,nan,-3.723404255319184668e-03,nan,nan,nan,nan,-5.319148936170581482e-04,0.000000000000000000e+00,0.000000000000000000e+00,1.063829787234027392e-03,nan,nan,1.010638297872334945e-02
nan,0.000000000000000000e+00,nan,nan,1.558441558441558961e-02,0.000000000000000000e+00,nan,nan,nan,nan,nan,5.194805194805196969e-04,nan,nan,nan,nan,nan,nan,nan,nan,nan,nan,nan,nan,nan,nan,nan,nan,nan,5.194805194805196969e-04,nan,nan,nan,nan,-5.194805194805196969e-04,nan,nan,0.000000000000000000e+00,0.000000000000000000e+00,1.506493506493506926e-02,1.298701298701299134e-02,0.000000000000000000e+00,1.558441558441558961e-02,2.077922077922078788e-03,-3.116883116883117748e-03,0.000000000000000000e+00,nan,1.038961038961039394e-03,nan,1.194805194805195238e-02,0.000000000000000000e+00,nan,nan,0.000000000000000000e+00,nan,nan,nan,nan,2.025974025974026579e-02,0.000000000000000000e+00,0.000000000000000000e+00,1.662337662337663030e-02,nan,nan,1.766233766233766753e-02
nan,nan,nan,nan,4.010025062656597319e-03,0.000000000000000000e+00,nan,nan,nan,nan,nan,1.503759398496207298e-03,0.000000000000000000e+00,nan,nan,nan,nan,nan,nan,nan,nan,nan,nan,nan,nan,nan,nan,nan,nan,-2.506265664160434257e-03,nan,nan,nan,nan,-1.854636591478697749e-02,nan,nan,0.000000000000000000e+00,0.000000000000000000e+00,-5.012531328321134794e-04,9.523809523809489974e-03,0.000000000000000000e+00,1.102756892230574194e-02,0.000000000000000000e+00,-2.506265664160405374e-02,0.000000000000000000e+00,nan,-2.255639097744364246e-02,0.000000000000000000e+00,nan,0.000000000000000000e+00,nan,nan,-1.152882205513785542e-02,nan,nan,nan,nan,8.521303258145328935e-03,0.000000000000000000e+00,0.000000000000000000e+00,-5.012531328320912532e-04,nan,nan,1.253132832080197136e-02
nan,nan,nan,nan,6.718346253229956141e-03,0.000000000000000000e+00,-3.100775193798477325e-03,nan,nan,nan,-2.583979328165409046e-03,7.751937984496115250e-03,nan,nan,9.302325581395320953e-03,-1.033591731266181226e-03,nan,nan,nan,5.167958656330707071e-03,3.100775193798410538e-03,nan,6.201550387596887863e-03,nan,nan,nan,nan,nan,nan,3.100775193798410538e-03,nan,nan,nan,nan,8.785529715762251807e-03,nan,nan,0.000000000000000000e+00,0.000000000000000000e+00,1.033591731266114656e-03,nan,0.000000000000000000e+00,2.067183462532273981e-03,0.000000000000000000e+00,3.100775193798433089e-03,0.000000000000000000e+00,nan,2.067183462532273981e-03,-1.033591731266203561e-03,nan,0.000000000000000000e+00,nan,nan,1.550387596899183151e-03,nan,nan,nan,5.684754521963819585e-03,1.550387596899183151e-03,0.000000000000000000e+00,0.000000000000000000e+00,0.000000000000000000e+00,nan,nan,6.201550387596866179e-03
nan,nan,nan,nan,3.491271820448904779e-03,0.000000000000000000e+00,nan,nan,nan,nan,7.481296758104760518e-03,-4.987531172069803627e-03,nan,nan,nan,nan,nan,nan,nan,nan,nan,nan,nan,nan,nan,nan,nan,nan,nan,9.975062344139916902e-04,nan,nan,nan,nan,4.987531172070402974e-04,nan,nan,0.000000000000000000e+00,0.000000000000000000e+00,2.992518703241930835e-03,1.047381546134664755e-02,0.000000000000000000e+00,1.496259351620965418e-03,-1.047381546134662500e-02,-1.995012468827894909e-03,0.000000000000000000e+00,nan,-7.481296758104716282e-03,nan,9.975062344139916902e-04,-5.486284289276777137e-03,nan,nan,-3.491271820448837993e-03,1.047381546134664755e-02,nan,nan,nan,nan,0.000000000000000000e+00,0.000000000000000000e+00,2.220446049250313204e-17,nan,nan,1.097256857855362019e-02
2.168021680216813876e-03,nan,nan,nan,-1.626016260162610515e-03,0.000000000000000000e+00,4.336043360433627751e-03,nan,nan,nan,9.756097560975640973e-03,1.029810298102982156e-02,nan,nan,nan,3.794037940379424607e-03,nan,nan,nan,3.794037940379424607e-03,-1.084010840108406938e-03,nan,1.192411924119241018e-02,nan,nan,nan,nan,nan,nan,2.168021680216813876e-03,nan,nan,nan,nan,2.710027100271017453e-03,nan,nan,0.000000000000000000e+00,0.000000000000000000e+00,2.710027100271017453e-03,5.962059620596238049e-03,0.000000000000000000e+00,2.168021680216813876e-03,nan,3.252032520325221030e-03,0.000000000000000000e+00,nan,5.420054200542034689e-04,0.000000000000000000e+00,nan,0.000000000000000000e+00,nan,nan,2.168021680216813876e-03,nan,nan,nan,5.420054200542034906e-03,5.420054200542034906e-03,0.000000000000000000e+00,0.000000000000000000e+00,0.000000000000000000e+00,nan,nan,6.504065040650442060e-03
nan,0.000000000000000000e+00,nan,nan,-4.275534441805240067e-03,0.000000000000000000e+00,1.425178147268413211e-03,nan,nan,nan,1.425178147268413211e-03,3.325415676959631115e-03,nan,nan,nan,1.425178147268413211e-03,nan,nan,nan,4.750593824228044218e-04,-9.501187648456088436e-04,nan,1.900237529691217687e-03,nan,nan,nan,nan,nan,nan,4.750593824228044218e-04,7.125890736342066489e-03,nan,nan,nan,4.750593824228044218e-04,nan,nan,0.000000000000000000e+00,0.000000000000000000e+00,-4.750593824228044218e-04,4.750593824228044326e-03,0.000000000000000000e+00,-1.900237529691217687e-03,nan,-4.750593824228044218e-04,0.000000000000000000e+00,nan,4.750593824228044218e-04,nan,4.275534441805240067e-03,0.000000000000000000e+00,nan,nan,1.425178147268413211e-03,nan,nan,nan,3.800475059382435374e-03,1.425178147268413211e-03,0.000000000000000000e+00,0.000000000000000000e+00,9.501187648456088652e-03,nan,nan,5.700712589073652845e-03
6.266318537858949975e-03,nan,nan,nan,3.655352480417728336e-03,0.000000000000000000e+00,5.744125326370697060e-03,nan,nan,nan,6.788511749347181205e-03,2.610966057441244190e-03,nan,nan,1.618798955613574148e-02,nan,nan,nan,nan,3.133159268929474987e-03,nan,nan,nan,nan,nan,nan,nan,nan,nan,5.221932114882444145e-03,nan,nan,nan,nan,2.610966057441244190e-03,nan,nan,0.000000000000000000e+00,0.000000000000000000e+00,5.221932114882310138e-04,1.148825065274146004e-02,0.000000000000000000e+00,7.310704960835434987e-03,1.566579634464737494e-03,-3.133159268929519656e-03,0.000000000000000000e+00,nan,-2.088772845953012960e-03,2.610966057441266308e-03,nan,5.221932114882532399e-04,nan,nan,-3.133159268929519656e-03,nan,nan,nan,1.148825065274146004e-02,4.177545691905959133e-03,0.000000000000000000e+00,0.000000000000000000e+00,2.610966057441266308e-03,nan,nan,5.744125326370697060e-03
nan,nan,nan,nan,5.361930294906170008e-04,0.000000000000000000e+00,1.608579088471850894e-03,nan,nan,nan,-5.361930294906170008e-04,-6.434316353887403576e-03,nan,nan,8.042895442359254687e-03,nan,nan,nan,nan,7.506702412868637361e-03,nan,nan,nan,nan,nan,nan,nan,nan,nan,0.000000000000000000e+00,nan,nan,nan,nan,-1.608579088471850894e-03,nan,nan,0.000000000000000000e+00,0.000000000000000000e+00,3.217158176943701788e-03,5.898123324396787118e-03,0.000000000000000000e+00,4.825737265415552465e-03,0.000000000000000000e+00,-3.217158176943701788e-03,0.000000000000000000e+00,nan,-1.608579088471850894e-03,5.361930294906170008e-04,nan,-2.144772117962468003e-03,nan,nan,-3.753351206434318681e-03,nan,nan,nan,4.289544235924936007e-03,3.217158176943701788e-03,0.000000000000000000e+00,0.000000000000000000e+00,-2.144772117962468003e-03,nan,nan,4.289544235924936007e-03
nan,nan,nan,nan,1.645244215938301835e-02,0.000000000000000000e+00,-3.084832904884349334e-03,nan,nan,nan,1.850899742930589564e-02,-1.028277634961449706e-03,nan,nan,9.768637532133616838e-03,1.542416452442154674e-02,nan,nan,nan,-3.598971722365074295e-03,1.542416452442108097e-03,nan,7.712082262210784647e-03,nan,nan,nan,nan,nan,nan,5.141388174807248529e-04,4.627249357326479115e-03,nan,nan,nan,-1.542416452442196785e-03,nan,nan,0.000000000000000000e+00,0.000000000000000000e+00,1.336760925449866945e-02,3.084832904884304665e-03,0.000000000000000000e+00,1.542416452442152332e-03,0.000000000000000000e+00,-5.655526992287973273e-03,0.000000000000000000e+00,nan,-3.084832904884349334e-03,0.000000000000000000e+00,nan,1.542416452442174667e-03,nan,nan,-1.028277634961449706e-03,nan,nan,nan,8.226221079691509175e-03,1.748071979434442230e-02,0.000000000000000000e+00,0.000000000000000000e+00,0.000000000000000000e+00,nan,nan,1.079691516709508844e-02
nan,nan,nan,nan,-2.557544757033203189e-03,0.000000000000000000e+00,nan,nan,nan,nan,-4.092071611253156674e-03,-6.649616368286403664e-03,nan,nan,nan,nan,nan,nan,nan,nan,nan,nan,nan,nan,nan,nan,nan,nan,nan,5.115089514066805797e-04,nan,nan,nan,nan,5.115089514066539951e-03,nan,0.000000000000000000e+00,0.000000000000000000e+00,0.000000000000000000e+00,2.220446049250313204e-17,5.115089514066517400e-03,0.000000000000000000e+00,nan,0.000000000000000000e+00,-1.381074168797951154e-02,0.000000000000000000e+00,nan,-6.138107416879767970e-03,1.432225063938621402e-02,nan,0.000000000000000000e+00,nan,nan,2.046035805626633848e-03,3.171355498721233068e-02,nan,nan,nan,nan,0.000000000000000000e+00,0.000000000000000000e+00,3.069053708439950338e-03,nan,nan,2.148337595907929762e-02
nan,nan,nan,nan,-2.617801047120393854e-03,0.000000000000000000e+00,-1.570680628272249496e-02,nan,nan,nan,-4.712041884816708763e-03,1.047120418848179789e-03,nan,nan,2.198952879581150821e-02,0.000000000000000000e+00,nan,nan,nan,-4.712041884816708763e-03,3.141361256544517033e-03,nan,8.900523560209450472e-03,nan,nan,nan,nan,nan,nan,0.000000000000000000e+00,nan,nan,nan,nan,-1.047120418848164133e-02,nan,0.000000000000000000e+00,0.000000000000000000e+00,0.000000000000000000e+00,-3.664921465968551308e-03,2.041884816753927051e-02,0.000000000000000000e+00,1.623036649214664243e-02,0.000000000000000000e+00,-7.853403141361204112e-03,0.000000000000000000e+00,nan,-3.141361256544472798e-03,-5.235602094240787274e-04,nan,1.047120418848157455e-03,nan,nan,2.617801047120415971e-03,nan,nan,nan,7.329842931937236190e-03,1.151832460732984433e-02,0.000000000000000000e+00,0.000000000000000000e+00,5.235602094240787274e-04,nan,nan,7.853403141361315135e-03
nan,nan,nan,nan,2.437810945273635038e-02,0.000000000000000000e+00,nan,nan,nan,nan,nan,1.293532338308460775e-02,nan,nan,nan,nan,nan,nan,nan,nan,nan,nan,nan,nan,nan,nan,nan,nan,nan,-4.975124378109319068e-04,nan,nan,nan,nan,-3.980099502487543725e-03,nan,nan,0.000000000000000000e+00,0.000000000000000000e+00,9.950248756218926099e-03,2.587064676616914610e-02,0.000000000000000000e+00,1.094527363184081246e-02,0.000000000000000000e+00,-6.467661691542248362e-03,0.000000000000000000e+00,nan,-5.472636815920384548e-03,nan,nan,4.975124378109541329e-04,0.000000000000000000e+00,nan,-9.950248756218638135e-04,nan,nan,nan,nan,1.691542288557214974e-02,0.000000000000000000e+00,0.000000000000000000e+00,1.442786069651744683e-02,nan,nan,2.885572139303482775e-02
nan,nan,nan,nan,5.050505050505193615e-04,0.000000000000000000e+00,2.020202020202011093e-03,nan,nan,nan,nan,-7.070707070707093686e-03,nan,nan,nan,nan,nan,nan,nan,nan,nan,nan,nan,nan,nan,nan,nan,nan,nan,-5.050505050505060475e-03,nan,nan,nan,nan,-3.030303030303049816e-03,nan,0.000000000000000000e+00,0.000000000000000000e+00,0.000000000000000000e+00,-6.060606060606077081e-03,5.555555555555558370e-03,0.000000000000000000e+00,3.535353535353524725e-03,nan,-6.565656565656574975e-03,0.000000000000000000e+00,nan,-1.515151515151516061e-02,-2.020202020202011093e-03,nan,0.000000000000000000e+00,nan,nan,-9.090909090909126897e-03,nan,nan,nan,nan,nan,0.000000000000000000e+00,0.000000000000000000e+00,5.050505050505083027e-03,nan,nan,1.666666666666667337e-02
nan,nan,nan,nan,-3.133159268929519656e-03,0.000000000000000000e+00,nan,nan,nan,nan,nan,-1.044386422976506480e-03,nan,nan,nan,nan,nan,nan,nan,nan,nan,nan,nan,nan,nan,nan,nan,nan,nan,-8.355091383812029288e-03,nan,nan,nan,nan,-3.655352480417773005e-03,nan,0.000000000000000000e+00,0.000000000000000000e+00,0.000000000000000000e+00,-2.610966057441266308e-03,-5.221932114882532399e-04,0.000000000000000000e+00,-4.699738903394279702e-03,0.000000000000000000e+00,-1.305483028720628644e-02,0.000000000000000000e+00,nan,-7.310704960835523458e-03,0.000000000000000000e+00,nan,2.088772845953012960e-03,nan,nan,-3.655352480417773005e-03,6.266318537859016762e-03,nan,nan,nan,-2.088772845953012960e-03,0.000000000000000000e+00,0.000000000000000000e+00,0.000000000000000000e+00,nan,nan,0.000000000000000000e+00
nan,0.000000000000000000e+00,nan,nan,-5.050505050504527915e-04,0.000000000000000000e+00,nan,nan,nan,nan,nan,-9.090909090909038426e-03,nan,nan,nan,nan,nan,nan,nan,nan,nan,nan,nan,nan,nan,nan,nan,nan,nan,-8.585858585858540531e-03,nan,nan,nan,nan,-5.050505050505038791e-03,nan,nan,0.000000000000000000e+00,0.000000000000000000e+00,-1.414141414141409890e-02,-1.010101010101007758e-02,0.000000000000000000e+00,-1.767676767676766916e-02,-9.595959595959579688e-03,-2.323232323232320498e-02,0.000000000000000000e+00,nan,-7.070707070707027767e-03,nan,nan,-2.020202020201966424e-03,0.000000000000000000e+00,nan,-9.090909090909060977e-03,nan,nan,nan,nan,-6.060606060606032845e-03,0.000000000000000000e+00,0.000000000000000000e+00,1.010101010101038723e-03,nan,nan,1.010101010101061058e-03
nan,nan,nan,nan,4.774535809018520469e-03,0.000000000000000000e+00,nan,nan,nan,nan,3.713527851458864239e-03,2.652519893899163341e-03,nan,nan,nan,nan,nan,nan,nan,nan,nan,nan,nan,nan,nan,nan,nan,nan,nan,4.244031830238670019e-03,nan,nan,nan,nan,-1.061007957559723016e-03,nan,nan,0.000000000000000000e+00,0.000000000000000000e+00,3.183023872678991673e-03,6.366047745358071816e-03,0.000000000000000000e+00,2.652519893899163341e-03,-4.440892098500626408e-17,-2.652519893899252246e-03,0.000000000000000000e+00,nan,-4.774535809018631491e-03,nan,0.000000000000000000e+00,0.000000000000000000e+00,nan,nan,2.652519893899163341e-03,nan,nan,nan,nan,nan,0.000000000000000000e+00,0.000000000000000000e+00,5.305039787798282230e-04,nan,nan,5.835543766578199683e-03
nan,nan,nan,nan,2.597402597402598268e-03,0.000000000000000000e+00,nan,nan,nan,nan,nan,-1.142857142857143203e-02,nan,nan,nan,nan,nan,nan,nan,nan,nan,nan,nan,nan,nan,nan,nan,nan,nan,-4.155844155844157575e-03,nan,nan,nan,nan,-1.454545454545455065e-02,nan,nan,0.000000000000000000e+00,0.000000000000000000e+00,-3.116883116883117748e-03,1.974025974025974545e-02,0.000000000000000000e+00,8.831168831168833763e-03,0.000000000000000000e+00,-1.610389610389610995e-02,0.000000000000000000e+00,nan,-9.870129870129872723e-03,nan,5.194805194805196969e-04,0.000000000000000000e+00,nan,nan,-1.090909090909091342e-02,nan,nan,nan,nan,7.792207792207794803e-03,0.000000000000000000e+00,0.000000000000000000e+00,5.194805194805196535e-03,nan,nan,2.441558441558442510e-02
nan,nan,nan,nan,1.090909090909091342e-02,0.000000000000000000e+00,nan,nan,nan,nan,6.753246753246755843e-03,5.714285714285716015e-03,nan,nan,nan,nan,nan,nan,nan,nan,nan,nan,nan,nan,nan,nan,nan,nan,nan,3.116883116883117748e-03,nan,nan,nan,nan,8.311688311688315151e-03,nan,nan,0.000000000000000000e+00,0.000000000000000000e+00,5.194805194805196535e-03,1.454545454545455065e-02,0.000000000000000000e+00,9.870129870129872723e-03,0.000000000000000000e+00,3.116883116883117748e-03,0.000000000000000000e+00,nan,-3.116883116883117748e-03,nan,4.675324675324677055e-03,0.000000000000000000e+00,nan,nan,-2.077922077922078788e-03,2.285714285714286406e-02,nan,nan,nan,nan,nan,0.000000000000000000e+00,6.233766233766235496e-03,1.610389610389610995e-02,nan,6.233766233766235496e-03
1.937172774869109354e-02,nan,nan,nan,-5.235602094240787274e-04,0.000000000000000000e+00,2.617801047120438089e-03,nan,nan,nan,6.282722513089011515e-03,-3.141361256544472798e-03,nan,nan,1.675392670157069969e-02,nan,nan,nan,nan,3.141361256544517033e-03,nan,nan,nan,nan,nan,nan,nan,nan,nan,-2.617801047120393854e-03,nan,nan,nan,nan,-5.235602094240831943e-03,nan,0.000000000000000000e+00,0.000000000000000000e+00,0.000000000000000000e+00,3.664921465968618095e-03,1.204188481675392240e-02,0.000000000000000000e+00,5.235602094240787274e-04,0.000000000000000000e+00,-3.141361256544517033e-03,0.000000000000000000e+00,nan,-4.712041884816708763e-03,-2.094240837696314909e-03,nan,-2.617801047120393854e-03,nan,nan,-4.712041884816731314e-03,nan,nan,nan,1.832460732984293392e-02,1.623036649214661814e-02,0.000000000000000000e+00,0.000000000000000000e+00,1.623036649214657651e-02,nan,nan,1.413612565445026073e-02
-2.162162162162117960e-03,nan,nan,nan,-2.702702702702652979e-03,0.000000000000000000e+00,-4.324324324324302707e-03,nan,nan,nan,nan,1.621621621621671628e-03,nan,nan,-5.405405405405127933e-04,nan,nan,nan,nan,1.081081081081114491e-03,nan,nan,nan,nan,nan,nan,nan,nan,nan,-2.702702702702675097e-03,nan,nan,nan,nan,-2.162162162162117960e-03,nan,0.000000000000000000e+00,0.000000000000000000e+00,0.000000000000000000e+00,-5.945945945945907765e-03,5.405405405405438665e-03,0.000000000000000000e+00,-5.405405405405127933e-04,0.000000000000000000e+00,-8.648648648648605414e-03,0.000000000000000000e+00,nan,-8.648648648648605414e-03,2.220446049250313204e-17,nan,5.405405405405572456e-04,nan,nan,5.405405405405572456e-04,nan,nan,nan,5.405405405406015894e-04,-2.162162162162117960e-03,nan,0.000000000000000000e+00,5.405405405405572456e-04,-2.702702702702675097e-03,nan,-5.405405405405372746e-03
nan,nan,nan,nan,1.752577319587624721e-02,0.000000000000000000e+00,3.608247422680377434e-03,nan,nan,nan,nan,1.082474226804117610e-02,nan,nan,nan,nan,nan,nan,nan,nan,nan,nan,nan,nan,nan,nan,nan,nan,nan,1.546391752577314094e-03,nan,nan,nan,nan,-5.670103092783573481e-03,nan,nan,0.000000000000000000e+00,0.000000000000000000e+00,1.237113402061851275e-02,1.701030927835045503e-02,0.000000000000000000e+00,2.216494845360818949e-02,0.000000000000000000e+00,-1.443298969072170923e-02,0.000000000000000000e+00,nan,-1.134020618556708104e-02,nan,1.288659793814428411e-02,-1.546391752577380664e-03,nan,nan,-7.731958762886681491e-03,nan,nan,nan,nan,nan,0.000000000000000000e+00,0.000000000000000000e+00,1.494845360824736957e-02,nan,nan,2.680412371134015606e-02
nan,nan,nan,nan,-1.052631578947371650e-03,0.000000000000000000e+00,nan,nan,nan,nan,nan,5.263157894736858250e-04,nan,nan,nan,nan,nan,nan,nan,nan,nan,nan,nan,nan,nan,nan,nan,nan,nan,1.578947368421057583e-03,nan,nan,nan,nan,5.263157894736858466e-03,nan,0.000000000000000000e+00,0.000000000000000000e+00,0.000000000000000000e+00,2.105263157894743300e-03,nan,0.000000000000000000e+00,6.842105263157915833e-03,0.000000000000000000e+00,-3.157894736842115167e-03,0.000000000000000000e+00,nan,1.578947368421057583e-03,1.315789473684214617e-02,nan,-5.263157894736858250e-04,nan,nan,-2.105263157894743300e-03,1.473684210526320440e-02,nan,nan,nan,-3.157894736842093049e-03,0.000000000000000000e+00,0.000000000000000000e+00,2.631578947368429233e-03,nan,nan,1.789473684210531740e-02
nan,nan,nan,nan,4.507772020725391016e-02,0.000000000000000000e+00,nan,nan,nan,nan,3.886010362694301140e-02,-3.108808290155451546e-03,nan,nan,nan,nan,nan,nan,nan,nan,nan,nan,nan,nan,nan,nan,nan,nan,nan,-5.181347150259085549e-04,nan,nan,nan,nan,5.181347150259085765e-03,nan,0.000000000000000000e+00,0.000000000000000000e+00,0.000000000000000000e+00,1.347150259067355672e-02,5.595854922279792920e-02,0.000000000000000000e+00,4.559585492227979930e-02,0.000000000000000000e+00,-1.347150259067357927e-02,0.000000000000000000e+00,nan,-2.590673575129542883e-03,nan,nan,3.108808290155451546e-03,0.000000000000000000e+00,nan,-5.181347150259085549e-04,5.025906735751293347e-02,nan,nan,nan,nan,nan,0.000000000000000000e+00,4.974093264248700269e-02,0.000000000000000000e+00,nan,4.611398963730566070e-02
nan,nan,nan,nan,-1.079691516709511100e-02,0.000000000000000000e+00,-1.696658097686376543e-02,nan,nan,nan,-1.542416452442156929e-02,-7.712082262210784647e-03,nan,nan,-2.056555269922899411e-03,0.000000000000000000e+00,nan,nan,nan,-1.131105398457581471e-02,-9.254498714652937413e-03,nan,-8.226221079691486623e-03,nan,nan,nan,nan,nan,nan,-5.141388174807181959e-03,nan,nan,nan,nan,-2.005141388174804667e-02,nan,nan,0.000000000000000000e+00,0.000000000000000000e+00,-1.182519280205656179e-02,-3.598971722365029626e-03,0.000000000000000000e+00,-1.491002570694084303e-02,0.000000000000000000e+00,-1.696658097686376543e-02,0.000000000000000000e+00,nan,-5.655526992287929038e-03,-8.226221079691486623e-03,nan,-1.028277634961438647e-02,nan,nan,-4.627249357326457431e-03,nan,nan,nan,-5.141388174807181959e-03,-8.226221079691486623e-03,0.000000000000000000e+00,0.000000000000000000e+00,5.141388174807248529e-04,nan,nan,-3.598971722365007508e-03
nan,nan,nan,nan,-7.000000000000028769e-03,0.000000000000000000e+00,nan,nan,nan,nan,nan,-1.900000000000006198e-02,nan,nan,nan,nan,nan,nan,nan,nan,nan,nan,nan,nan,nan,nan,nan,nan,nan,-4.000000000000026104e-03,nan,nan,nan,nan,-1.400000000000003499e-02,nan,0.000000000000000000e+00,0.000000000000000000e+00,0.000000000000000000e+00,-7.000000000000006217e-03,-9.000000000000053096e-03,0.000000000000000000e+00,-4.500000000000015273e-03,-9.000000000000030545e-03,-5.000000000000048676e-03,0.000000000000000000e+00,nan,-1.100000000000000977e-02,-8.000000000000052208e-03,nan,0.000000000000000000e+00,nan,nan,-5.500000000000037845e-03,-1.500000000000034726e-03,nan,nan,nan,2.499999999999990945e-03,nan,0.000000000000000000e+00,0.000000000000000000e+00,-1.000000000000023006e-03,nan,-1.350000000000004495e-02
nan,nan,nan,nan,-1.374045801526713184e-02,0.000000000000000000e+00,-9.160305343511376125e-03,nan,nan,nan,-1.374045801526710929e-02,-3.053435114503777296e-03,nan,nan,1.017811704834636812e-03,-7.633587786259466226e-03,nan,nan,nan,-9.160305343511398676e-03,-9.160305343511398676e-03,nan,-8.142493638676761430e-03,nan,nan,nan,nan,nan,nan,-2.544529262086481225e-03,nan,nan,nan,nan,-2.035623409669185153e-03,nan,0.000000000000000000e+00,0.000000000000000000e+00,0.000000000000000000e+00,-1.119592875318060551e-02,2.544529262086570130e-03,0.000000000000000000e+00,2.035623409669273624e-03,-3.053435114503777296e-03,-7.633587786259466226e-03,0.000000000000000000e+00,nan,-1.526717557251866531e-03,-2.544529262086481225e-03,nan,-2.035623409669185153e-03,nan,nan,-2.544529262086481225e-03,nan,nan,nan,8.651399491094191943e-03,5.597964376590369544e-03,0.000000000000000000e+00,0.000000000000000000e+00,2.035623409669273624e-03,nan,nan,1.526717557251933101e-03
nan,nan,nan,nan,8.970976253298190012e-03,0.000000000000000000e+00,nan,nan,nan,nan,nan,5.804749340369430230e-03,nan,nan,nan,nan,nan,nan,nan,nan,nan,nan,nan,nan,nan,nan,nan,nan,nan,3.693931398416938454e-03,nan,nan,nan,nan,-1.055408970976201653e-03,nan,nan,0.000000000000000000e+00,0.000000000000000000e+00,5.804749340369430230e-03,1.108179419525068266e-02,0.000000000000000000e+00,1.055408970976257077e-02,0.000000000000000000e+00,-4.221635883904961868e-03,0.000000000000000000e+00,nan,-6.332453825857520431e-03,nan,1.055408970976290340e-03,-1.055408970976223770e-03,nan,nan,-7.387862796833744201e-03,nan,nan,nan,nan,8.970976253298190012e-03,0.000000000000000000e+00,0.000000000000000000e+00,8.970976253298169195e-03,nan,nan,1.635883905013195763e-02
nan,nan,nan,nan,8.695652173913015828e-03,0.000000000000000000e+00,nan,nan,nan,nan,nan,-1.902173913043481157e-02,nan,nan,nan,nan,nan,nan,nan,nan,nan,nan,nan,nan,nan,nan,nan,nan,nan,-1.032608695652175237e-02,nan,nan,nan,nan,-2.010869565217394614e-02,nan,nan,0.000000000000000000e+00,0.000000000000000000e+00,-1.086956521739130752e-02,-4.891304347826097750e-03,0.000000000000000000e+00,3.260869565217383755e-03,nan,-1.956521739130441181e-02,0.000000000000000000e+00,nan,-2.391304347826088764e-02,nan,-2.173913043478315106e-03,-4.891304347826119434e-03,nan,nan,-1.793478260869567700e-02,nan,nan,nan,nan,3.858695652173911583e-02,0.000000000000000000e+00,0.000000000000000000e+00,4.673913043478257479e-02,nan,nan,4.076086956521738497e-02
nan,nan,nan,nan,1.463414634146338253e-02,0.000000000000000000e+00,8.130081300813029807e-03,nan,nan,nan,4.878048780487853446e-03,2.168021680216813876e-03,nan,nan,9.214092140921415278e-03,7.046070460704645204e-03,nan,nan,nan,-1.192411924119236508e-02,6.504065040650397825e-03,nan,1.680216802168019857e-02,nan,nan,nan,nan,nan,nan,-5.420054200542034689e-04,8.672086720867212134e-03,nan,nan,nan,-5.420054200542012354e-03,nan,nan,0.000000000000000000e+00,0.000000000000000000e+00,7.588075880758849215e-03,1.192411924119245528e-02,0.000000000000000000e+00,9.756097560975595870e-03,nan,0.000000000000000000e+00,0.000000000000000000e+00,nan,1.626016260162610515e-03,0.000000000000000000e+00,nan,5.420054200542034689e-04,nan,nan,5.420054200542034689e-04,nan,nan,nan,7.588075880758849215e-03,9.756097560975640973e-03,nan,0.000000000000000000e+00,1.897018970189701115e-02,1.951219512195121603e-02,nan,1.300813008130081647e-02
1.558441558441558874e-03,nan,nan,nan,0.000000000000000000e+00,0.000000000000000000e+00,1.558441558441558874e-03,nan,nan,nan,2.077922077922078788e-03,5.714285714285716015e-03,nan,nan,nan,1.558441558441558874e-03,nan,nan,nan,5.194805194805196969e-04,2.077922077922078788e-03,nan,7.792207792207794803e-03,nan,nan,nan,nan,nan,nan,0.000000000000000000e+00,nan,nan,nan,nan,1.558441558441558874e-03,nan,0.000000000000000000e+00,0.000000000000000000e+00,0.000000000000000000e+00,-1.558441558441558874e-03,nan,0.000000000000000000e+00,1.558441558441558874e-03,0.000000000000000000e+00,1.038961038961039394e-03,0.000000000000000000e+00,nan,0.000000000000000000e+00,7.792207792207794803e-03,nan,0.000000000000000000e+00,nan,nan,5.194805194805196969e-04,nan,nan,nan,1.090909090909091342e-02,3.636363636363637662e-03,0.000000000000000000e+00,0.000000000000000000e+00,8.311688311688315151e-03,nan,nan,4.155844155844157575e-03
-1.562500000000000087e-03,nan,nan,nan,-5.729166666666674068e-03,0.000000000000000000e+00,-4.687499999999999827e-03,nan,nan,nan,-5.729166666666651517e-03,4.166666666666674415e-03,nan,nan,-5.208333333333259535e-04,-1.562500000000000087e-03,nan,nan,nan,-4.687499999999978142e-03,-3.125000000000000173e-03,nan,1.041666666666651907e-03,nan,nan,nan,nan,nan,nan,-1.562500000000000087e-03,nan,nan,nan,nan,-1.041666666666651907e-03,nan,nan,0.000000000000000000e+00,0.000000000000000000e+00,-4.166666666666696099e-03,0.000000000000000000e+00,0.000000000000000000e+00,3.125000000000000173e-03,0.000000000000000000e+00,5.208333333333481797e-04,0.000000000000000000e+00,nan,0.000000000000000000e+00,nan,nan,0.000000000000000000e+00,0.000000000000000000e+00,nan,-5.208333333333259535e-04,nan,nan,nan,5.208333333333347789e-03,3.645833333333348136e-03,0.000000000000000000e+00,0.000000000000000000e+00,5.208333333333259535e-04,nan,nan,9.374999999999999653e-03
-2.061855670103085458e-03,nan,nan,nan,-1.030927835051542729e-03,0.000000000000000000e+00,nan,nan,nan,nan,-2.577319587628856823e-03,-5.154639175257713646e-04,nan,nan,1.030927835051542729e-03,-4.123711340206170917e-03,nan,nan,nan,-1.546391752577314094e-03,nan,nan,nan,nan,nan,nan,nan,nan,nan,0.000000000000000000e+00,nan,nan,nan,nan,-6.185567010309256375e-03,nan,0.000000000000000000e+00,0.000000000000000000e+00,0.000000000000000000e+00,-4.639175257731942281e-03,2.061855670103085458e-03,0.000000000000000000e+00,-1.030927835051542729e-03,0.000000000000000000e+00,-1.030927835051542729e-03,0.000000000000000000e+00,nan,-2.577319587628856823e-03,0.000000000000000000e+00,nan,0.000000000000000000e+00,nan,nan,-1.030927835051542729e-03,9.278350515463907114e-03,nan,nan,1.546391752577314094e-03,-5.154639175257713646e-04,0.000000000000000000e+00,0.000000000000000000e+00,-2.577319587628856823e-03,nan,nan,4.639175257731942281e-03
nan,nan,nan,nan,7.894736842105265148e-03,0.000000000000000000e+00,1.052631578947365101e-02,nan,nan,nan,1.684210526315783538e-02,-5.263157894736858466e-03,nan,nan,nan,nan,nan,nan,nan,5.789473684210543966e-03,nan,nan,nan,nan,nan,nan,nan,nan,nan,0.000000000000000000e+00,nan,nan,nan,nan,-5.263157894736858250e-04,nan,nan,0.000000000000000000e+00,0.000000000000000000e+00,2.631578947368429233e-03,nan,0.000000000000000000e+00,5.263157894736858466e-03,0.000000000000000000e+00,-5.263157894736858250e-04,0.000000000000000000e+00,nan,-7.368421052631602200e-03,nan,0.000000000000000000e+00,-4.736842105263172967e-03,0.000000000000000000e+00,nan,-8.421052631578973199e-03,nan,nan,nan,1.210526315789468496e-02,9.473684210526278279e-03,0.000000000000000000e+00,0.000000000000000000e+00,1.578947368421057583e-03,nan,nan,5.789473684210522282e-03
nan,nan,nan,nan,1.584158415841578973e-02,0.000000000000000000e+00,-3.960396039603963914e-03,nan,nan,nan,1.386138613861378523e-02,3.465346534653446307e-03,nan,nan,2.277227722772268148e-02,nan,nan,nan,nan,1.980198019801959839e-03,1.336633663366328974e-02,nan,nan,nan,nan,nan,nan,nan,nan,1.980198019801981957e-03,nan,nan,nan,nan,1.980198019801959839e-03,nan,nan,0.000000000000000000e+00,0.000000000000000000e+00,2.970297029702950817e-03,1.435643564356425816e-02,0.000000000000000000e+00,1.188118811881180327e-02,0.000000000000000000e+00,1.980198019801981957e-03,0.000000000000000000e+00,nan,-9.900990099009909784e-04,6.435643564356352889e-03,nan,0.000000000000000000e+00,nan,nan,1.485148514851486468e-03,nan,nan,nan,1.881188118811871757e-02,1.534653465346524914e-02,0.000000000000000000e+00,0.000000000000000000e+00,2.227722772277218599e-02,nan,nan,1.881188118811871757e-02
-3.100775193798410538e-03,nan,nan,nan,-1.033591731266148006e-02,0.000000000000000000e+00,-1.136950904392761662e-02,nan,nan,nan,-6.718346253229956141e-03,-2.067183462532296099e-03,nan,nan,4.651162790697727263e-03,-7.751937984496115250e-03,nan,nan,nan,-1.291989664082682232e-02,-8.268733850129184396e-03,nan,-5.684754521963797033e-03,nan,nan,nan,nan,nan,nan,5.167958656330906130e-04,nan,nan,nan,nan,-5.167958656330728755e-03,nan,nan,0.000000000000000000e+00,0.000000000000000000e+00,-1.033591731266145751e-02,-1.033591731266136991e-03,0.000000000000000000e+00,-1.550387596899161034e-03,2.067183462532340334e-03,2.220446049250313204e-17,0.000000000000000000e+00,nan,-1.550387596899205269e-03,nan,nan,2.220446049250313204e-17,0.000000000000000000e+00,nan,-1.033591731266136991e-03,nan,nan,nan,-6.201550387596866179e-03,-3.617571059431501368e-03,0.000000000000000000e+00,0.000000000000000000e+00,-7.751937984496115250e-03,nan,nan,-4.134366925064569646e-03
nan,nan,nan,nan,1.188118811881178072e-02,0.000000000000000000e+00,nan,nan,nan,nan,nan,5.445544554455383594e-03,nan,nan,nan,nan,nan,nan,nan,nan,nan,nan,nan,nan,nan,nan,nan,nan,nan,3.960396039603919678e-03,nan,nan,nan,nan,1.980198019801937721e-03,nan,nan,0.000000000000000000e+00,0.000000000000000000e+00,4.950495049504888105e-03,1.039603960396029425e-02,0.000000000000000000e+00,8.415841584158334845e-03,nan,-4.950495049505177153e-04,0.000000000000000000e+00,nan,-8.910891089108918806e-03,nan,3.465346534653424189e-03,-2.475247524752499564e-03,nan,nan,-4.950495049504954892e-04,nan,nan,nan,nan,9.900990099009798762e-03,0.000000000000000000e+00,0.000000000000000000e+00,5.940594059405834848e-03,nan,nan,2.029702970297020403e-02
nan,nan,nan,nan,5.684754521963863820e-03,0.000000000000000000e+00,nan,nan,nan,nan,-5.167958656330751306e-03,-8.268733850129184396e-03,nan,nan,nan,nan,nan,nan,nan,nan,nan,nan,nan,nan,nan,nan,nan,nan,nan,-2.067183462532273981e-03,nan,nan,nan,nan,1.033591731266181226e-03,nan,0.000000000000000000e+00,0.000000000000000000e+00,0.000000000000000000e+00,-4.651162790697637925e-03,nan,0.000000000000000000e+00,-2.583979328165320142e-03,0.000000000000000000e+00,-1.188630490956066321e-02,0.000000000000000000e+00,nan,-1.033591731266092538e-03,-5.167958656330684953e-04,nan,1.550387596899249721e-03,nan,nan,-1.550387596899205269e-03,1.188630490956077423e-02,nan,nan,nan,nan,nan,0.000000000000000000e+00,1.033591731266181226e-03,5.167958656330818093e-03,nan,1.033591731266154598e-02
nan,nan,nan,nan,6.106870229007621380e-03,0.000000000000000000e+00,2.544529262086503343e-03,nan,nan,nan,nan,-7.124681933842258626e-03,nan,nan,nan,nan,nan,nan,nan,nan,nan,nan,nan,nan,nan,nan,nan,nan,nan,5.089058524172962884e-04,nan,nan,nan,nan,-5.089058524173184061e-04,nan,nan,0.000000000000000000e+00,0.000000000000000000e+00,2.544529262086481225e-03,6.106870229007621380e-03,0.000000000000000000e+00,8.142493638676829085e-03,0.000000000000000000e+00,-3.562340966921118037e-03,0.000000000000000000e+00,nan,-7.633587786259532146e-03,nan,5.089058524172962884e-04,-2.544529262086481225e-03,nan,nan,-3.053435114503844083e-03,1.424936386768444960e-02,nan,nan,nan,nan,0.000000000000000000e+00,0.000000000000000000e+00,2.544529262086481225e-03,nan,nan,1.323155216284985745e-02
nan,nan,nan,nan,3.108808290155451546e-03,0.000000000000000000e+00,0.000000000000000000e+00,nan,nan,nan,3.108808290155451546e-03,1.554404145077725773e-03,nan,nan,nan,3.108808290155451546e-03,nan,nan,nan,1.554404145077725773e-03,5.181347150259085549e-04,nan,1.554404145077725773e-03,nan,nan,nan,nan,nan,nan,5.181347150259085549e-04,4.663212435233177536e-03,nan,nan,nan,2.072538860103634219e-03,nan,0.000000000000000000e+00,0.000000000000000000e+00,0.000000000000000000e+00,5.181347150259085765e-03,3.626943005181360209e-03,0.000000000000000000e+00,5.181347150259085549e-04,0.000000000000000000e+00,1.036269430051817110e-03,0.000000000000000000e+00,nan,2.590673575129542883e-03,0.000000000000000000e+00,nan,0.000000000000000000e+00,nan,nan,0.000000000000000000e+00,nan,nan,nan,1.036269430051817110e-03,5.181347150259085549e-04,0.000000000000000000e+00,0.000000000000000000e+00,0.000000000000000000e+00,nan,nan,3.108808290155451546e-03
nan,nan,nan,nan,-5.115089514066362359e-04,0.000000000000000000e+00,nan,nan,nan,nan,7.161125319693107012e-03,4.092071611253200909e-03,nan,nan,7.161125319693107012e-03,1.176470588235296530e-02,nan,nan,nan,7.672634271099765257e-03,nan,nan,nan,nan,nan,nan,nan,nan,nan,1.534526854219975169e-03,nan,nan,nan,nan,4.092071611253200909e-03,nan,0.000000000000000000e+00,0.000000000000000000e+00,0.000000000000000000e+00,5.626598465473175645e-03,1.227621483375960186e-02,0.000000000000000000e+00,6.649616368286470451e-03,0.000000000000000000e+00,-5.115089514066140097e-04,0.000000000000000000e+00,nan,2.557544757033269976e-03,nan,nan,0.000000000000000000e+00,0.000000000000000000e+00,nan,2.220446049250313204e-17,nan,nan,nan,1.278772378516626097e-02,1.432225063938621402e-02,0.000000000000000000e+00,0.000000000000000000e+00,9.718670076726398238e-03,nan,nan,8.695652173913059196e-03
nan,nan,nan,nan,8.695652173913038380e-03,0.000000000000000000e+00,nan,nan,nan,nan,3.069053708439906103e-03,4.092071611253200909e-03,nan,nan,nan,nan,nan,nan,nan,nan,nan,nan,nan,nan,nan,nan,nan,nan,nan,5.115089514066140097e-04,nan,nan,nan,nan,4.092071611253200909e-03,nan,0.000000000000000000e+00,0.000000000000000000e+00,0.000000000000000000e+00,5.626598465473175645e-03,1.176470588235292193e-02,0.000000000000000000e+00,6.649616368286448767e-03,nan,-6.138107416879789655e-03,0.000000000000000000e+00,nan,-3.069053708439906103e-03,0.000000000000000000e+00,nan,-2.557544757033225306e-03,nan,nan,5.115089514066584620e-04,nan,nan,nan,nan,nan,nan,0.000000000000000000e+00,-5.115089514066584620e-04,1.125319693094628537e-02,nan,8.695652173913038380e-03
nan,nan,nan,nan,1.597938144329900251e-02,0.000000000000000000e+00,5.154639175257713646e-04,nan,nan,nan,9.793814432989721847e-03,5.154639175257713646e-04,nan,nan,1.134020618556705849e-02,1.030927835051551576e-02,nan,nan,nan,9.278350515463973033e-03,5.670103092783529246e-03,nan,1.134020618556708104e-02,nan,nan,nan,nan,nan,nan,5.154639175257935907e-04,4.639175257732009068e-03,nan,nan,nan,-2.061855670103085458e-03,nan,nan,0.000000000000000000e+00,0.000000000000000000e+00,7.216494845360865891e-03,6.701030927835116210e-03,0.000000000000000000e+00,0.000000000000000000e+00,0.000000000000000000e+00,-5.154639175257713646e-04,0.000000000000000000e+00,nan,5.154639175257935907e-04,nan,0.000000000000000000e+00,1.030927835051542729e-03,nan,nan,2.061855670103107576e-03,nan,nan,nan,7.731958762886658940e-03,7.731958762886658940e-03,0.000000000000000000e+00,0.000000000000000000e+00,2.577319587628856823e-03,nan,nan,6.701030927835138762e-03
nan,nan,nan,nan,1.038961038961039394e-03,0.000000000000000000e+00,1.558441558441558874e-03,nan,nan,nan,5.714285714285716015e-03,-2.597402597402598268e-03,nan,nan,nan,nan,nan,nan,nan,1.558441558441558874e-03,nan,nan,nan,nan,nan,nan,nan,nan,nan,-5.194805194805196969e-04,nan,nan,nan,nan,-8.311688311688315151e-03,nan,nan,0.000000000000000000e+00,0.000000000000000000e+00,-2.077922077922078788e-03,2.077922077922078788e-03,0.000000000000000000e+00,-5.194805194805196969e-04,0.000000000000000000e+00,-4.155844155844157575e-03,0.000000000000000000e+00,nan,-1.558441558441558874e-03,nan,nan,-1.038961038961039394e-03,0.000000000000000000e+00,nan,-3.636363636363637662e-03,nan,nan,nan,5.714285714285716015e-03,5.194805194805196969e-04,0.000000000000000000e+00,0.000000000000000000e+00,1.558441558441558874e-03,nan,nan,1.038961038961039394e-03
nan,nan,nan,nan,1.995012468827917027e-03,0.000000000000000000e+00,-4.987531172069825311e-03,nan,nan,nan,9.975062344139474547e-04,0.000000000000000000e+00,nan,nan,nan,nan,nan,nan,nan,-1.496259351620987752e-03,-2.220446049250313204e-17,nan,nan,nan,nan,nan,nan,nan,nan,9.975062344139474547e-04,nan,nan,nan,nan,0.000000000000000000e+00,nan,0.000000000000000000e+00,0.000000000000000000e+00,0.000000000000000000e+00,-1.995012468827939145e-03,nan,0.000000000000000000e+00,-2.493765586034957325e-03,-5.985037406483794883e-03,9.975062344139251202e-04,0.000000000000000000e+00,nan,-4.987531172070402974e-04,-1.995012468827983380e-03,nan,-4.987531172069958451e-04,nan,nan,-9.975062344139695725e-04,nan,nan,nan,1.496259351620943300e-03,-1.995012468827961263e-03,0.000000000000000000e+00,0.000000000000000000e+00,2.493765586034868420e-03,nan,nan,3.990024937655878290e-03
nan,nan,nan,nan,1.071428571428572132e-02,0.000000000000000000e+00,nan,nan,nan,nan,nan,1.020408163265296240e-03,0.000000000000000000e+00,nan,nan,nan,nan,nan,nan,nan,nan,nan,nan,nan,nan,nan,nan,nan,nan,-4.081632653061250879e-03,nan,nan,nan,nan,-1.683673469387756555e-02,nan,nan,0.000000000000000000e+00,0.000000000000000000e+00,1.020408163265273905e-03,9.693877551020402966e-03,0.000000000000000000e+00,1.530612244897957587e-02,0.000000000000000000e+00,-1.479591836734694965e-02,0.000000000000000000e+00,nan,-1.173469387755101713e-02,-2.040816326530592480e-03,nan,-4.591836734693921333e-03,nan,nan,-1.071428571428572132e-02,nan,nan,nan,nan,5.102040816326503317e-03,0.000000000000000000e+00,0.000000000000000000e+00,-5.102040816326481199e-04,nan,nan,2.704081632653059300e-02
nan,nan,nan,nan,3.682864450127878303e-02,0.000000000000000000e+00,nan,nan,nan,nan,4.501278772378514148e-02,1.176470588235292193e-02,nan,nan,nan,nan,nan,nan,nan,nan,nan,nan,nan,nan,nan,nan,nan,nan,nan,3.069053708439883985e-03,nan,nan,nan,nan,-7.161125319693128696e-03,nan,0.000000000000000000e+00,0.000000000000000000e+00,0.000000000000000000e+00,2.813299232736572383e-02,4.398976982097184407e-02,0.000000000000000000e+00,4.808184143222508922e-02,0.000000000000000000e+00,-8.184143222506424370e-03,0.000000000000000000e+00,nan,-7.672634271099765257e-03,nan,nan,3.069053708439839316e-03,0.000000000000000000e+00,nan,-3.069053708439906103e-03,nan,nan,nan,nan,nan,0.000000000000000000e+00,0.000000000000000000e+00,3.836317135549871526e-02,nan,nan,4.040920716112530314e-02
nan,nan,nan,nan,-2.992518703241886600e-03,0.000000000000000000e+00,6.483790523690769261e-03,nan,nan,nan,6.483790523690790945e-03,0.000000000000000000e+00,nan,nan,nan,4.987531172069847862e-03,nan,nan,nan,-3.491271820448860110e-03,5.486284289276821373e-03,nan,5.985037406483817435e-03,nan,nan,nan,nan,nan,nan,-9.975062344139695725e-04,nan,nan,nan,nan,4.987531172070180712e-04,nan,nan,0.000000000000000000e+00,0.000000000000000000e+00,5.486284289276821373e-03,5.486284289276821373e-03,0.000000000000000000e+00,1.496259351620987752e-03,0.000000000000000000e+00,1.995012468827939145e-03,0.000000000000000000e+00,nan,2.220446049250313204e-17,nan,0.000000000000000000e+00,1.496259351620987752e-03,0.000000000000000000e+00,nan,9.975062344139916902e-04,nan,nan,nan,4.987531172069825311e-03,7.980049875311711477e-03,0.000000000000000000e+00,0.000000000000000000e+00,7.481296758104716282e-03,nan,nan,8.478802992518708406e-03
nan,nan,nan,nan,-1.010101010100972153e-03,0.000000000000000000e+00,-8.585858585858608186e-03,nan,nan,nan,-4.040404040404022186e-03,-1.666666666666669766e-02,nan,nan,-4.040404040404066421e-03,nan,nan,nan,nan,-4.040404040404066421e-03,nan,nan,nan,nan,nan,nan,nan,nan,nan,-8.080808080808087740e-03,nan,nan,nan,nan,-1.515151515151518316e-02,nan,nan,0.000000000000000000e+00,0.000000000000000000e+00,-7.575757575757569029e-03,-1.010101010101016605e-03,0.000000000000000000e+00,-5.050505050505060475e-03,0.000000000000000000e+00,-1.717171717171719209e-02,0.000000000000000000e+00,nan,-9.090909090909104345e-03,-2.525252525252508120e-03,nan,-3.535353535353546843e-03,nan,nan,-8.080808080808110291e-03,nan,nan,nan,2.020202020202033211e-03,3.030303030303027698e-03,nan,0.000000000000000000e+00,5.050505050504972438e-04,-4.545454545454541764e-03,nan,-4.545454545454563448e-03
nan,nan,nan,nan,-4.000000000000026104e-03,0.000000000000000000e+00,-2.500000000000013496e-03,nan,nan,nan,-2.500000000000013496e-03,-3.000000000000046900e-03,nan,nan,8.499999999999929487e-03,-3.500000000000036502e-03,nan,nan,nan,-4.000000000000047788e-03,-9.500000000000063949e-03,nan,-4.440892098500626408e-17,nan,nan,nan,nan,nan,nan,-5.000000000000115030e-04,-1.500000000000034726e-03,nan,nan,nan,-5.000000000000026992e-03,nan,nan,0.000000000000000000e+00,0.000000000000000000e+00,-5.500000000000016161e-03,8.499999999999929487e-03,0.000000000000000000e+00,1.999999999999957541e-03,nan,-4.440892098500626408e-17,0.000000000000000000e+00,nan,-2.500000000000035614e-03,nan,1.999999999999957541e-03,4.999999999999893852e-04,nan,nan,-1.500000000000034726e-03,1.499999999999967939e-03,nan,nan,-1.000000000000023006e-03,-1.500000000000034726e-03,nan,0.000000000000000000e+00,-5.000000000000115030e-04,5.499999999999926822e-03,nan,2.499999999999924592e-03
nan,nan,nan,nan,2.084367245657570145e-02,0.000000000000000000e+00,nan,nan,nan,nan,nan,1.042183622828785072e-02,nan,nan,3.573200992555831956e-02,nan,nan,nan,nan,nan,nan,nan,nan,nan,nan,nan,nan,nan,nan,-2.481389578163750893e-03,nan,nan,nan,nan,6.947890818858581605e-03,nan,0.000000000000000000e+00,0.000000000000000000e+00,0.000000000000000000e+00,5.955334987593085931e-03,2.332506203473947576e-02,0.000000000000000000e+00,1.488833746898268230e-02,0.000000000000000000e+00,-1.935483870967740286e-02,0.000000000000000000e+00,nan,-1.141439205955334726e-02,9.925558312655180081e-04,nan,-2.481389578163795129e-03,nan,nan,-1.141439205955332471e-02,3.424317617866008689e-02,nan,nan,nan,nan,0.000000000000000000e+00,0.000000000000000000e+00,1.786600496277921529e-02,nan,nan,2.034739454094292022e-02
8.290155440414470958e-03,nan,nan,nan,3.626943005181337658e-03,0.000000000000000000e+00,-2.590673575129542883e-03,nan,nan,nan,1.554404145077725773e-03,8.808290155440379188e-03,nan,nan,9.844559585492174830e-03,3.626943005181337658e-03,nan,nan,nan,3.108808290155429428e-03,1.554404145077725773e-03,nan,-5.181347150259085549e-04,nan,nan,nan,nan,nan,nan,1.554404145077725773e-03,nan,nan,nan,nan,1.036269430051817110e-03,nan,nan,0.000000000000000000e+00,0.000000000000000000e+00,3.108808290155429428e-03,8.290155440414425855e-03,0.000000000000000000e+00,1.036269430051817110e-03,0.000000000000000000e+00,1.554404145077725773e-03,0.000000000000000000e+00,nan,2.590673575129520765e-03,nan,3.626943005181360209e-03,5.181347150259085549e-04,nan,nan,2.072538860103634219e-03,nan,nan,nan,5.699481865284972311e-03,5.699481865284972311e-03,nan,0.000000000000000000e+00,0.000000000000000000e+00,7.253886010362653632e-03,nan,1.554404145077725773e-03
nan,nan,nan,nan,8.854166666666673374e-03,0.000000000000000000e+00,7.812500000000000000e-03,nan,nan,nan,2.083333333333325932e-03,5.208333333333326105e-03,nan,nan,nan,nan,nan,nan,nan,2.083333333333325932e-03,1.041666666666667476e-02,nan,nan,nan,nan,nan,nan,nan,nan,1.041666666666651907e-03,nan,nan,nan,nan,3.124999999999977622e-03,nan,0.000000000000000000e+00,0.000000000000000000e+00,0.000000000000000000e+00,-3.125000000000000173e-03,1.614583333333334883e-02,0.000000000000000000e+00,9.895833333333325932e-03,0.000000000000000000e+00,1.562500000000000087e-03,0.000000000000000000e+00,nan,-1.562499999999977752e-03,0.000000000000000000e+00,nan,2.083333333333325932e-03,nan,nan,5.208333333333259535e-04,nan,nan,nan,nan,9.895833333333303380e-03,0.000000000000000000e+00,0.000000000000000000e+00,5.729166666666696620e-03,nan,nan,1.718750000000000139e-02
0.000000000000000000e+00,nan,nan,nan,-5.744125326370785531e-03,0.000000000000000000e+00,-4.699738903394279702e-03,nan,nan,nan,2.088772845952990842e-03,6.788511749347247992e-03,nan,nan,nan,-5.221932114882532399e-04,nan,nan,nan,-4.699738903394279702e-03,nan,nan,3.655352480417750453e-03,nan,nan,nan,nan,nan,nan,1.044386422976506480e-03,nan,nan,nan,nan,4.699738903394257150e-03,nan,0.000000000000000000e+00,0.000000000000000000e+00,0.000000000000000000e+00,-5.221932114882532399e-04,8.877284595300238834e-03,0.000000000000000000e+00,9.399477806788448381e-03,0.000000000000000000e+00,2.088772845952990842e-03,0.000000000000000000e+00,nan,1.044386422976506480e-03,0.000000000000000000e+00,nan,1.566579634464759828e-03,nan,nan,1.044386422976506480e-03,nan,nan,nan,7.832898172323710453e-03,7.310704960835479223e-03,0.000000000000000000e+00,0.000000000000000000e+00,3.133159268929519656e-03,nan,nan,1.357702349869447343e-02
nan,nan,nan,nan,-3.626943005181360209e-03,0.000000000000000000e+00,-1.036269430051817110e-03,nan,nan,nan,0.000000000000000000e+00,5.699481865284993995e-03,nan,nan,1.088082901554407976e-02,2.590673575129542883e-03,nan,nan,nan,-6.217616580310903092e-03,-5.181347150259085765e-03,nan,6.735751295336811321e-03,nan,nan,nan,nan,nan,nan,5.181347150259085549e-04,nan,nan,nan,nan,-3.108808290155451546e-03,nan,nan,0.000000000000000000e+00,0.000000000000000000e+00,1.554404145077725773e-03,4.663212435233177536e-03,0.000000000000000000e+00,8.808290155440445107e-03,0.000000000000000000e+00,3.108808290155451546e-03,0.000000000000000000e+00,nan,-2.072538860103634219e-03,nan,nan,0.000000000000000000e+00,0.000000000000000000e+00,nan,5.181347150259085549e-04,nan,nan,nan,1.191709844559589795e-02,6.735751295336811321e-03,0.000000000000000000e+00,0.000000000000000000e+00,7.772020725388628648e-03,nan,nan,9.326424870466355072e-03
2.156334231805901065e-03,nan,nan,nan,-1.078167115903006044e-03,0.000000000000000000e+00,8.086253369272201202e-03,nan,nan,nan,5.390835579514696285e-04,4.312668463611802130e-03,nan,nan,nan,-5.390835579515140807e-04,nan,nan,nan,-1.078167115902961591e-03,3.773584905660332285e-03,nan,7.008086253369238960e-03,nan,nan,nan,nan,nan,nan,0.000000000000000000e+00,nan,nan,nan,nan,3.773584905660354403e-03,nan,0.000000000000000000e+00,0.000000000000000000e+00,0.000000000000000000e+00,1.078167115902939257e-03,6.469002695417747431e-03,0.000000000000000000e+00,4.851752021563316211e-03,3.234501347708862440e-03,2.156334231805901065e-03,0.000000000000000000e+00,nan,1.617250673854409102e-03,nan,nan,0.000000000000000000e+00,0.000000000000000000e+00,nan,-5.390835579514918546e-04,nan,nan,nan,5.929919137466255034e-03,5.390835579514785189e-03,0.000000000000000000e+00,0.000000000000000000e+00,2.156334231805878514e-03,nan,nan,1.024258760107814650e-02
nan,nan,nan,nan,-1.481481481481439124e-03,0.000000000000000000e+00,-9.876543209876187824e-04,nan,nan,nan,8.888888888888901024e-03,1.481481481481505911e-03,nan,nan,6.913580246913619658e-03,-2.962962962962922917e-03,nan,nan,nan,-4.444444444444406277e-03,-6.913580246913552871e-03,nan,3.456790123456831947e-03,nan,nan,nan,nan,nan,nan,0.000000000000000000e+00,nan,nan,nan,nan,-9.876543209876187824e-04,nan,nan,0.000000000000000000e+00,0.000000000000000000e+00,-9.876543209876187824e-04,6.913580246913642209e-03,0.000000000000000000e+00,9.876543209876853524e-04,-2.469135802469102359e-03,-4.938271604937982239e-04,0.000000000000000000e+00,nan,-4.938271604937982239e-04,nan,4.938271604938426762e-04,-2.469135802469102359e-03,nan,nan,-1.481481481481461459e-03,nan,nan,nan,4.938271604938649023e-04,7.407407407407462334e-03,nan,0.000000000000000000e+00,9.876543209876632347e-04,3.456790123456809829e-03,nan,1.975308641975348587e-03
nan,nan,nan,nan,1.233933161953724121e-02,0.000000000000000000e+00,4.113110539845732036e-03,nan,nan,nan,1.182519280205647158e-02,8.226221079691443255e-03,nan,nan,nan,9.768637532133639390e-03,nan,nan,nan,6.683804627249334725e-03,1.285347043701794492e-02,nan,9.768637532133639390e-03,nan,nan,nan,nan,nan,nan,5.141388174806805090e-04,2.570694087403557586e-03,nan,nan,nan,3.598971722364963273e-03,nan,nan,0.000000000000000000e+00,0.000000000000000000e+00,5.655526992287862251e-03,1.028277634961434137e-02,0.000000000000000000e+00,1.182519280205649413e-02,0.000000000000000000e+00,-2.220446049250313204e-17,0.000000000000000000e+00,nan,-3.598971722365074295e-03,nan,-2.056555269922899411e-03,0.000000000000000000e+00,nan,nan,-2.570694087403624373e-03,nan,nan,nan,1.182519280205649413e-02,7.712082262210762096e-03,0.000000000000000000e+00,0.000000000000000000e+00,0.000000000000000000e+00,nan,nan,6.683804627249312173e-03
nan,nan,nan,nan,8.785529715762342012e-03,0.000000000000000000e+00,5.684754521963908055e-03,nan,nan,nan,3.617571059431545603e-03,1.860465116279073211e-02,nan,nan,nan,9.302325581395386872e-03,nan,nan,nan,4.440892098500626408e-17,3.617571059431568155e-03,nan,3.617571059431568155e-03,nan,nan,nan,nan,nan,nan,0.000000000000000000e+00,nan,nan,nan,nan,3.617571059431568155e-03,nan,nan,0.000000000000000000e+00,0.000000000000000000e+00,4.134366925064636433e-03,1.912144702842379779e-02,0.000000000000000000e+00,1.343669250646000249e-02,nan,1.033591731266181226e-03,0.000000000000000000e+00,nan,5.167958656330906130e-04,nan,1.808785529715761786e-02,0.000000000000000000e+00,nan,nan,1.033591731266159108e-03,nan,nan,nan,1.343669250645997994e-02,5.684754521963863820e-03,0.000000000000000000e+00,0.000000000000000000e+00,2.325581395348841340e-02,nan,nan,1.498708010335918564e-02
nan,nan,nan,nan,3.033419023136245743e-02,0.000000000000000000e+00,nan,nan,nan,nan,2.365038560411309929e-02,-3.598971722365029626e-03,nan,nan,nan,nan,nan,nan,nan,nan,nan,nan,nan,nan,nan,nan,nan,nan,nan,-4.113110539845798823e-03,nan,nan,nan,nan,-2.570694087403602255e-03,nan,0.000000000000000000e+00,0.000000000000000000e+00,0.000000000000000000e+00,1.439588688946009595e-02,2.776349614395885387e-02,0.000000000000000000e+00,3.084832904884315941e-02,0.000000000000000000e+00,-8.226221079691531726e-03,0.000000000000000000e+00,nan,-5.655526992287907354e-03,0.000000000000000000e+00,nan,-5.141388174807248529e-04,0.000000000000000000e+00,nan,-6.169665809768631881e-03,3.393316195372748922e-02,nan,nan,nan,nan,0.000000000000000000e+00,0.000000000000000000e+00,2.416452442159380126e-02,nan,nan,4.575835475578402672e-02
nan,0.000000000000000000e+00,nan,nan,1.538461538461599609e-03,0.000000000000000000e+00,-3.589743589743510377e-03,nan,nan,nan,nan,-7.179487179487154327e-03,0.000000000000000000e+00,nan,nan,nan,nan,nan,nan,nan,nan,nan,nan,nan,nan,nan,nan,nan,nan,-2.051282051282043908e-03,nan,nan,nan,nan,-7.692307692307642428e-03,nan,nan,0.000000000000000000e+00,0.000000000000000000e+00,-1.948717948717946374e-02,5.128205128205554292e-04,0.000000000000000000e+00,7.692307692307731766e-03,-1.025641025641021954e-03,-1.076923076923073062e-02,0.000000000000000000e+00,nan,-2.461538461538457373e-02,nan,nan,-6.666666666666642808e-03,0.000000000000000000e+00,nan,-7.692307692307664979e-03,nan,nan,nan,nan,nan,0.000000000000000000e+00,0.000000000000000000e+00,5.128205128205198457e-03,nan,nan,-2.564102564102510758e-03
nan,nan,nan,nan,-1.034482758620689467e-02,0.000000000000000000e+00,-8.866995073891636645e-03,nan,nan,nan,-5.911330049261098903e-03,-2.463054187192126494e-03,nan,nan,-2.463054187192148612e-03,-1.330049261083745583e-02,nan,nan,nan,-1.477832512315273641e-02,-1.724137931034484122e-02,nan,-1.034482758620691722e-02,nan,nan,nan,nan,nan,nan,-2.463054187192148612e-03,nan,nan,nan,nan,-8.374384236453202845e-03,nan,0.000000000000000000e+00,0.000000000000000000e+00,0.000000000000000000e+00,-1.034482758620689467e-02,-2.955665024630560293e-03,0.000000000000000000e+00,-2.955665024630582845e-03,0.000000000000000000e+00,-1.280788177339902204e-02,0.000000000000000000e+00,nan,-5.418719211822686788e-03,0.000000000000000000e+00,nan,-2.463054187192170730e-03,nan,nan,-5.418719211822686788e-03,-7.389162561576356932e-03,nan,nan,-2.220446049250313204e-17,-4.926108374384252989e-03,0.000000000000000000e+00,0.000000000000000000e+00,0.000000000000000000e+00,nan,nan,-6.896551724137944817e-03
-7.427055702917772714e-03,nan,nan,nan,-1.007957559681698159e-02,0.000000000000000000e+00,-1.273209549071618873e-02,nan,nan,nan,-1.007957559681698159e-02,5.835543766578243918e-03,nan,nan,6.896551724137944817e-03,-1.273209549071618873e-02,nan,nan,nan,-1.273209549071618873e-02,-1.273209549071616618e-02,nan,-3.183023872678991673e-03,nan,nan,nan,nan,nan,nan,0.000000000000000000e+00,nan,nan,nan,nan,3.713527851458908909e-03,nan,nan,0.000000000000000000e+00,0.000000000000000000e+00,-9.018567639257301510e-03,2.122015915119379679e-03,0.000000000000000000e+00,5.305039787798393469e-03,nan,-5.305039787798059969e-04,0.000000000000000000e+00,nan,-1.061007957559678781e-03,nan,nan,0.000000000000000000e+00,0.000000000000000000e+00,nan,-5.305039787798059969e-04,nan,nan,nan,9.018567639257280694e-03,7.427055702917795266e-03,0.000000000000000000e+00,0.000000000000000000e+00,3.183023872679080577e-03,nan,nan,6.896551724137944817e-03
nan,nan,nan,nan,1.069518716577500016e-03,0.000000000000000000e+00,nan,nan,nan,nan,-2.220446049250313204e-17,-5.347593582887721908e-03,nan,nan,nan,nan,nan,nan,nan,-1.604278074866316486e-03,-1.604278074866360938e-03,nan,nan,nan,nan,nan,nan,nan,nan,-5.347593582887722342e-04,nan,nan,nan,nan,-4.278074866310177873e-03,nan,0.000000000000000000e+00,0.000000000000000000e+00,0.000000000000000000e+00,-3.208556149732655523e-03,-5.347593582888388042e-04,0.000000000000000000e+00,2.673796791443816719e-03,0.000000000000000000e+00,-4.278074866310177873e-03,0.000000000000000000e+00,nan,-3.208556149732632971e-03,-4.812834224598949891e-03,nan,0.000000000000000000e+00,nan,nan,-3.743315508021405422e-03,nan,nan,nan,4.278074866310066851e-03,-4.278074866310177873e-03,0.000000000000000000e+00,0.000000000000000000e+00,-2.220446049250313204e-17,nan,nan,1.604278074866272250e-03
nan,nan,nan,nan,-2.088772845953012960e-03,0.000000000000000000e+00,-8.355091383812051839e-03,nan,nan,nan,-7.310704960835546010e-03,-7.310704960835546010e-03,nan,nan,nan,-2.088772845953012960e-03,nan,nan,nan,-5.221932114882532616e-03,-3.655352480417773005e-03,nan,nan,nan,nan,nan,nan,nan,nan,-5.221932114882532399e-04,-5.744125326370785531e-03,nan,nan,nan,-4.177545691906025919e-03,nan,0.000000000000000000e+00,0.000000000000000000e+00,0.000000000000000000e+00,-5.744125326370785531e-03,nan,0.000000000000000000e+00,0.000000000000000000e+00,0.000000000000000000e+00,-5.221932114882532616e-03,0.000000000000000000e+00,nan,-4.177545691906025919e-03,0.000000000000000000e+00,nan,0.000000000000000000e+00,nan,nan,-3.655352480417773005e-03,nan,nan,nan,-5.221932114882532399e-04,5.221932114882532399e-04,0.000000000000000000e+00,0.000000000000000000e+00,2.610966057441266308e-03,nan,nan,1.566579634464759828e-03
nan,nan,nan,nan,3.456790123456809829e-03,0.000000000000000000e+00,-1.975308641975303918e-03,nan,nan,nan,8.888888888888901024e-03,-2.962962962962967153e-03,nan,nan,5.432098765432091629e-03,nan,nan,nan,nan,-6.913580246913575422e-03,nan,nan,nan,nan,nan,nan,nan,nan,nan,-1.975308641975303918e-03,nan,nan,nan,nan,-4.938271604938426762e-04,nan,0.000000000000000000e+00,0.000000000000000000e+00,0.000000000000000000e+00,-2.220446049250313204e-17,4.938271604938293188e-03,0.000000000000000000e+00,-3.456790123456809829e-03,-4.444444444444473064e-03,2.220446049250313204e-17,0.000000000000000000e+00,nan,-5.432098765432114180e-03,-2.469135802469102359e-03,nan,-4.938271604938293188e-03,nan,nan,-3.950617283950630387e-03,5.432098765432091629e-03,nan,nan,7.407407407407418098e-03,2.962962962962967153e-03,0.000000000000000000e+00,0.000000000000000000e+00,0.000000000000000000e+00,nan,nan,5.925925925925934305e-03
nan,0.000000000000000000e+00,nan,nan,5.626598465473087174e-03,0.000000000000000000e+00,2.046035805626544943e-03,nan,nan,nan,2.046035805626567061e-03,-4.440892098500626408e-17,nan,nan,nan,-2.557544757033269976e-03,nan,nan,nan,2.557544757033203189e-03,-4.440892098500626408e-17,nan,2.046035805626589179e-03,nan,nan,nan,nan,nan,nan,5.115089514066362359e-04,nan,nan,nan,nan,-3.069053708439928221e-03,nan,nan,0.000000000000000000e+00,0.000000000000000000e+00,5.115089514066450613e-03,7.672634271099698471e-03,0.000000000000000000e+00,8.184143222506334164e-03,0.000000000000000000e+00,-1.534526854219975169e-03,0.000000000000000000e+00,nan,-3.069053708439928221e-03,nan,-5.115089514066561635e-03,-5.115089514066805797e-04,nan,nan,5.115089514066362359e-04,nan,nan,nan,-3.069053708439950338e-03,-1.534526854219975169e-03,0.000000000000000000e+00,0.000000000000000000e+00,0.000000000000000000e+00,nan,nan,6.138107416879723735e-03
nan,nan,nan,nan,8.542713567839244765e-03,0.000000000000000000e+00,4.522613065326685881e-03,nan,nan,nan,1.708542713567844443e-02,-1.005025125628100690e-03,nan,nan,1.155778894472365634e-02,0.000000000000000000e+00,nan,nan,nan,6.030150753768915087e-03,2.010050251256356637e-03,nan,1.206030150753771915e-02,nan,nan,nan,nan,nan,nan,2.220446049250313204e-17,1.155778894472365634e-02,nan,nan,nan,2.220446049250313204e-17,nan,nan,0.000000000000000000e+00,0.000000000000000000e+00,-5.527638190954697883e-03,7.537688442211076638e-03,0.000000000000000000e+00,1.005025125628145055e-02,nan,-2.010050251256245615e-03,0.000000000000000000e+00,nan,-2.512562814070285009e-03,nan,-5.025125628140614037e-04,0.000000000000000000e+00,0.000000000000000000e+00,nan,6.661338147750938996e-17,nan,nan,nan,7.035175879397037244e-03,7.035175879397037244e-03,0.000000000000000000e+00,0.000000000000000000e+00,7.537688442211099189e-03,nan,nan,4.522613065326664197e-03
nan,nan,nan,nan,2.531017369727046537e-02,0.000000000000000000e+00,nan,nan,nan,nan,nan,3.473945409429268685e-03,nan,nan,nan,nan,nan,nan,nan,nan,nan,nan,nan,nan,nan,nan,nan,nan,nan,0.000000000000000000e+00,nan,nan,nan,nan,-9.925558312655180081e-04,nan,nan,0.000000000000000000e+00,0.000000000000000000e+00,2.928039702233251745e-02,2.729528535980147927e-02,0.000000000000000000e+00,2.977667493796522930e-02,0.000000000000000000e+00,-2.977667493796532124e-03,0.000000000000000000e+00,nan,-6.947890818858559921e-03,nan,9.925558312655180081e-04,-5.459057071960304701e-03,nan,nan,-4.962779156327546022e-03,nan,nan,nan,nan,2.828784119106699663e-02,0.000000000000000000e+00,0.000000000000000000e+00,3.672456575682383345e-02,nan,nan,3.473945409429279874e-02
nan,nan,nan,nan,-4.568527918781773063e-03,0.000000000000000000e+00,-2.030456852791906464e-03,nan,nan,nan,-4.568527918781773063e-03,1.522842639593879974e-03,nan,nan,nan,5.076142131979599192e-04,nan,nan,nan,-4.568527918781773063e-03,-5.076142131980043715e-04,nan,1.015228426395919838e-03,nan,nan,nan,nan,nan,nan,-1.015228426395964291e-03,nan,nan,nan,nan,-2.030456852791928581e-03,nan,nan,0.000000000000000000e+00,0.000000000000000000e+00,-3.045685279187848420e-03,3.553299492385764320e-03,0.000000000000000000e+00,2.538071065989821930e-03,0.000000000000000000e+00,2.538071065989821930e-03,0.000000000000000000e+00,nan,-5.076142131980043715e-04,nan,0.000000000000000000e+00,-5.076142131979821453e-04,nan,nan,-2.220446049250313204e-17,nan,nan,nan,3.553299492385764320e-03,1.015228426395919838e-03,0.000000000000000000e+00,0.000000000000000000e+00,5.076142131979599192e-04,nan,nan,2.538071065989821930e-03
nan,nan,nan,nan,6.989247311827951128e-03,0.000000000000000000e+00,2.688172043010750301e-03,nan,nan,nan,4.838709677419350715e-03,2.150537634408600414e-03,nan,nan,5.376344086021500601e-03,7.526881720430101015e-03,nan,nan,nan,1.612903225806450094e-03,6.451612903225800374e-03,nan,nan,nan,nan,nan,nan,nan,nan,1.612903225806450094e-03,nan,nan,nan,nan,3.763440860215050508e-03,nan,nan,0.000000000000000000e+00,0.000000000000000000e+00,-5.376344086021501035e-04,5.376344086021500601e-03,0.000000000000000000e+00,2.688172043010750301e-03,-5.376344086021501035e-04,-1.612903225806450094e-03,0.000000000000000000e+00,nan,1.612903225806450094e-03,nan,0.000000000000000000e+00,0.000000000000000000e+00,nan,nan,-5.376344086021501035e-04,nan,nan,nan,3.763440860215050508e-03,4.301075268817200828e-03,0.000000000000000000e+00,0.000000000000000000e+00,0.000000000000000000e+00,nan,nan,6.989247311827951128e-03
nan,nan,nan,nan,2.977667493796443219e-03,0.000000000000000000e+00,-2.481389578163795129e-03,nan,nan,nan,-4.962779156327812302e-04,1.488833746898232668e-03,nan,nan,nan,1.488833746898232668e-03,nan,nan,nan,-6.451612903225867161e-03,-4.962779156327590041e-04,nan,7.940446650124033043e-03,nan,nan,nan,nan,nan,nan,-4.962779156327590041e-04,2.481389578163706224e-03,nan,nan,nan,-5.955334987593130167e-03,nan,0.000000000000000000e+00,0.000000000000000000e+00,0.000000000000000000e+00,-2.220446049250313204e-17,1.488833746898254786e-03,0.000000000000000000e+00,1.488833746898210551e-03,0.000000000000000000e+00,-4.962779156327812302e-04,0.000000000000000000e+00,nan,-1.985111662531036016e-03,nan,nan,0.000000000000000000e+00,0.000000000000000000e+00,nan,4.962779156327367779e-04,nan,nan,nan,3.473945409429202331e-03,4.962779156327146602e-04,0.000000000000000000e+00,0.000000000000000000e+00,0.000000000000000000e+00,nan,nan,1.488833746898232668e-03
nan,nan,nan,nan,-5.115089514066805797e-04,0.000000000000000000e+00,nan,nan,nan,nan,nan,-1.585677749360616534e-02,nan,nan,nan,nan,nan,nan,nan,nan,nan,nan,nan,nan,nan,nan,nan,nan,nan,-7.161125319693107012e-03,nan,nan,nan,nan,-9.207161125319740860e-03,nan,nan,0.000000000000000000e+00,0.000000000000000000e+00,-4.092071611253245145e-03,7.161125319693062777e-03,0.000000000000000000e+00,4.603580562659814919e-03,0.000000000000000000e+00,-2.250639386189263666e-02,0.000000000000000000e+00,nan,-1.687979539641946275e-02,nan,-2.046035805626633848e-03,0.000000000000000000e+00,nan,nan,-6.649616368286493003e-03,nan,nan,nan,nan,7.161125319693084461e-03,nan,0.000000000000000000e+00,0.000000000000000000e+00,0.000000000000000000e+00,nan,-1.023017902813316924e-03
nan,nan,nan,nan,2.220446049250313204e-17,0.000000000000000000e+00,6.615776081424940003e-03,nan,nan,nan,nan,-1.017811704834614694e-03,nan,nan,nan,nan,nan,nan,nan,nan,nan,nan,nan,nan,nan,nan,nan,nan,nan,-1.017811704834636812e-03,nan,nan,nan,nan,-2.544529262086525460e-03,nan,0.000000000000000000e+00,0.000000000000000000e+00,0.000000000000000000e+00,-3.053435114503844083e-03,4.071246819338436226e-03,0.000000000000000000e+00,7.124681933842236074e-03,8.142493638676851636e-03,-3.562340966921118037e-03,0.000000000000000000e+00,nan,-7.124681933842214390e-03,-1.526717557251888648e-03,nan,-5.089058524172962884e-04,nan,nan,-1.475826972010179164e-02,1.017811704834605847e-02,nan,nan,nan,nan,nan,0.000000000000000000e+00,5.597964376590369544e-03,4.071246819338436226e-03,nan,4.580152671755733165e-03
nan,nan,nan,nan,-2.220446049250313204e-17,0.000000000000000000e+00,-2.133333333333342543e-03,nan,nan,nan,1.599999999999979260e-03,-2.133333333333342543e-03,nan,nan,nan,nan,nan,nan,nan,-1.066666666666682330e-03,5.333333333332968213e-04,nan,nan,nan,nan,nan,nan,nan,nan,5.333333333333190474e-04,nan,nan,nan,nan,0.000000000000000000e+00,nan,nan,0.000000000000000000e+00,0.000000000000000000e+00,-5.866666666666686680e-03,6.399999999999961275e-03,0.000000000000000000e+00,-5.866666666666686680e-03,2.666666666666595020e-03,1.066666666666638095e-03,0.000000000000000000e+00,nan,1.066666666666638095e-03,nan,-2.666666666666706043e-03,-1.066666666666682330e-03,nan,nan,-1.066666666666682330e-03,nan,nan,nan,3.199999999999958520e-03,3.199999999999980638e-03,nan,0.000000000000000000e+00,1.599999999999956925e-03,-2.666666666666683925e-03,nan,6.399999999999983827e-03
nan,0.000000000000000000e+00,nan,nan,-8.264462809917372949e-03,0.000000000000000000e+00,nan,nan,nan,nan,nan,-1.212121212121213334e-02,nan,nan,nan,nan,nan,nan,nan,nan,nan,nan,nan,nan,nan,nan,nan,nan,nan,0.000000000000000000e+00,nan,nan,nan,nan,-9.917355371900837477e-03,nan,nan,0.000000000000000000e+00,0.000000000000000000e+00,-1.487603305785125708e-02,1.652892561983465613e-03,0.000000000000000000e+00,4.407713498622544898e-03,0.000000000000000000e+00,-1.322314049586779082e-02,0.000000000000000000e+00,nan,-1.432506887052345003e-02,nan,-1.873278236914599493e-02,0.000000000000000000e+00,nan,nan,-7.713498622589543344e-03,nan,nan,nan,nan,-8.815426997245180002e-03,0.000000000000000000e+00,0.000000000000000000e+00,-1.763085399449036000e-02,nan,nan,6.611570247933862450e-03
nan,nan,nan,nan,1.066666666666682330e-03,0.000000000000000000e+00,nan,nan,nan,nan,-5.333333333332968213e-04,-2.133333333333298307e-03,nan,nan,nan,nan,nan,nan,nan,-1.066666666666638095e-03,5.333333333333411651e-04,nan,nan,nan,nan,nan,nan,nan,nan,2.220446049250313204e-17,nan,nan,nan,nan,-3.199999999999958520e-03,nan,nan,0.000000000000000000e+00,0.000000000000000000e+00,5.333333333333411651e-04,4.266666666666663402e-03,0.000000000000000000e+00,1.600000000000023712e-03,-5.333333333332968213e-04,-4.266666666666618299e-03,0.000000000000000000e+00,nan,-4.799999999999959681e-03,nan,nan,-2.133333333333276190e-03,0.000000000000000000e+00,nan,-4.799999999999959681e-03,nan,nan,nan,1.600000000000023712e-03,2.133333333333342543e-03,0.000000000000000000e+00,0.000000000000000000e+00,5.333333333333411651e-04,nan,nan,1.600000000000023712e-03
nan,0.000000000000000000e+00,nan,nan,1.518987341772159907e-03,0.000000000000000000e+00,3.544303797468395523e-03,nan,nan,nan,-5.063291139240311484e-04,-8.101265822784763787e-03,nan,nan,1.113924050632910702e-02,nan,nan,nan,nan,-6.075949367088573708e-03,nan,nan,nan,nan,nan,nan,nan,nan,nan,-5.063291139240533745e-04,nan,nan,nan,nan,-6.582278481012626865e-03,nan,nan,0.000000000000000000e+00,0.000000000000000000e+00,-4.050632911392381894e-03,3.037974683544319814e-03,0.000000000000000000e+00,2.025316455696213498e-03,-9.620253164556924128e-03,-4.556962025316457603e-03,0.000000000000000000e+00,nan,-4.050632911392404445e-03,nan,0.000000000000000000e+00,0.000000000000000000e+00,nan,nan,-2.531645569620266656e-03,nan,nan,nan,8.101265822784831441e-03,1.620253164556961778e-02,nan,0.000000000000000000e+00,5.063291139240533312e-03,3.037974683544319814e-03,nan,-1.518987341772137789e-03
nan,nan,nan,nan,2.211055276381907950e-02,0.000000000000000000e+00,nan,nan,nan,nan,nan,2.512562814070329244e-03,nan,nan,nan,nan,nan,nan,nan,nan,nan,nan,nan,nan,nan,nan,nan,nan,nan,5.025125628140391775e-04,nan,nan,nan,nan,-3.015075376884457543e-03,nan,0.000000000000000000e+00,0.000000000000000000e+00,0.000000000000000000e+00,4.522613065326597410e-03,1.356783919597987983e-02,0.000000000000000000e+00,8.542713567839177111e-03,nan,-8.542713567839199662e-03,0.000000000000000000e+00,nan,-7.035175879396993008e-03,nan,nan,-8.542713567839222213e-03,0.000000000000000000e+00,nan,-1.005025125628142800e-02,nan,nan,nan,nan,2.010050251256276926e-02,nan,0.000000000000000000e+00,2.160804020100499587e-02,1.005025125628140545e-02,nan,2.713567839195975967e-02
