NONE,UFSoL,UDFS,U2FS,SRCFS,SOGFS,SOCFS,RUFS,NDFS,LLCFS,Inf_FS2020,Inf_FS,FSASL,FMIUFS,CNAFS,jelsr_lle,GLSPFS,MICVIF,LS,MCFS,REFS,AutoSpearman,SPEC,CFS,XGBF,RFF
0.17127944330490324,0.15284504524572073,0.010549832377808776,0.07051398292524341,0.31377007585605904,0.31637797382597815,-0.07325824554031343,0.3010284961165792,0.2887430321348273,0.11091353502794471,0.2775335010428868,0.2775335010428868,0.030545214297773626,0.24635118485501975,0.3105068698135388,0.040442536621753664,0.32432945372918914,0.14516252514413033,0.32702424097308075,0.32974205774655335,-0.08818165115438617,0.133202368712989,-0.07970373966798543,0.3216571596758056,0.32432945372918914,0.32974205774655335
0.25180777054105685,0.11314569024959248,0.1742103817838699,0.15596637249999076,0.400575512849382,0.2846839905029389,0.2512320439282721,0.35255211138938436,0.39106260549548266,0.15574313725221003,-0.06400483156854779,0.007419301611511908,0.24073230931059372,0.30883523528639306,0.12371334256660284,0.362572633754787,0.37096176875692466,0.23107067738364936,0.37245376157488086,0.11634750068599904,-0.07018173965744567,0.22086876799322996,-0.049558981409083575,0.39106260549548266,0.30603634821880643,0.22023247421398992
0.3290119962689481,0.3940382555010374,0.03818572097934891,0.16609977160019418,0.35125655624920893,0.4118318065771838,0.4075727379223809,0.3721856600748654,0.2650001385478203,0.2879872671941702,0.26424714055954307,0.3749080445330897,-0.03368179661091365,0.3557345775861997,0.20228588694254257,0.15520380662335453,0.3603765437885615,0.2746266698130232,0.36681484093367067,0.19591227923972834,-0.009910601973950543,0.2575682590812869,0.03561758011095293,0.3721856600748654,0.369488106869377,0.03157599739746364
0.2934206512160097,0.04393300216398607,0.13486692282805174,0.30267719274195576,0.3236680565043132,0.2520108670277556,-0.049928040260144406,0.321933135781158,0.30999695691425727,0.21184222183575305,0.30827532732166085,0.06634215736915851,0.264540833989801,0.10746148906816494,0.2596441018811474,0.28759433084418184,0.27632456845934056,0.2407976625172779,0.321933135781158,0.1741269653483185,-0.03674757385597631,0.2328427622019249,0.003542272226201204,0.333184591589105,0.11684929337317813,0.30323101321308027
0.20940009976561894,0.19915994514523802,0.12256942641423148,0.26057762760301695,0.3440074001236328,0.09390981053208029,0.24508083707845457,0.3218712913220821,0.32660354229911204,0.11148292644007726,-0.00016376452230299298,-0.0018025986640050854,0.14107405028455453,0.2344354427365392,0.2608156517918186,0.2551932115907011,0.2709230824116929,0.2324951705472945,0.3290078200178388,0.35190738637639873,0.018352127038267566,0.21383424742979668,0.02339377029430434,0.3414357868674864,0.3104592848997756,0.14894065626154657
0.23137563883765586,0.38904751595068565,0.3833030609392386,0.1332226331301736,0.3833030609392386,0.28995644246162267,0.335696288389441,0.397889845503515,0.38616071032104543,0.0,0.008601006031071919,0.0609812110098105,0.2582064129152327,0.24870416793448055,0.04508406248850504,0.18927115567097094,0.31285248332666765,0.24579922038072016,0.38904751595068565,0.3061742283308438,-0.023970994688019543,0.27375578727254657,-0.0033405169827805396,0.34852727187010296,0.3386036818872932,0.2996467997942149
0.25949174677573544,0.16777538932442626,0.2858125979606618,0.22678237495495926,0.3289985861410554,0.23599198533653207,0.1520470397527125,0.3389207957494577,0.20919206495860088,0.13944977602877434,-0.0653686503477376,-0.0653686503477376,0.20325588646231832,0.3122965173335735,0.17723027660328441,0.1628053146707486,0.32547373070519015,0.22643027647333364,0.321377756719108,0.29969875483756725,0.009234089390928598,0.22253080641966105,-0.034421039302193,0.3290817545444568,0.0933480773893805,0.3343448165057617
0.2938708350934108,0.18109339481066214,0.18902413532468357,0.20375914466631373,0.2725861446121842,0.19256499579735337,0.31387786924492433,0.22979250421311173,0.2898361134764468,-0.0457107334753087,-0.022447280734693188,-0.022447280734693188,0.25632656762759176,0.29145075641652135,0.2350611557677405,-0.017145000401869438,0.2370392164790362,0.2810762819843221,0.28324002586073865,0.1356628112560208,0.0025674155362981365,0.29889051761471086,-0.01003988015896859,0.29432484030062733,0.2002880311118124,0.2643431099223354
0.28548165165825223,0.25874974731482325,0.333880575393169,0.15239512301465197,0.354890067382195,0.3389989443059887,0.24684833638187306,0.3389989443059887,0.32636303755591534,0.0,0.00936000407886579,0.00936000407886579,0.26391509312780803,0.2428010634553961,0.15128479731093267,0.13078452008497987,0.34684624296146377,0.2199010034664801,0.3389989443059887,0.3301662060851913,0.131950753950915,0.2210031681497483,0.027903420835051186,0.3447845565918996,0.06025462974399732,0.23361559063357062
0.25616999158651443,0.15640179554701109,0.18662471125599023,0.22243612372734356,0.33085891193741485,0.3145166462216895,0.2108948110620596,0.32144426070952764,0.3298865570232401,-0.04939039116815523,0.012008251774636216,-0.006341909962342612,0.14113321838972076,0.18408289671372935,0.280435400005158,0.13003766837506464,0.32847409190252075,0.21510872126046882,0.32241352496141623,0.10502861411861183,-0.026273610105177807,0.21468866808639397,-0.028352380966629964,0.32488520132221693,0.19131714999926364,0.25344533887005166
0.17398374068529007,0.17194631492081683,0.10837629962187503,0.1068531682503413,0.31215375513484905,0.09394264995513635,0.17730510340562294,0.16395026777130745,0.278736607281669,0.12605862856197095,-0.06441411901312945,0.04853793111883761,0.06642342844420462,0.13605371053482676,0.037481402857412145,0.22448257469616661,0.16129571134568868,0.118300767161007,0.2963506807510668,0.2864071495932852,-0.04853793111883761,0.1358107660415704,-0.034160199590673984,0.30743869015987346,0.3313438029934142,0.16992465863447728
0.20442721658372454,0.17664304292987307,0.15217488045339778,0.15113580951684422,0.29665861115988973,0.28415079074837063,0.24911289616151983,0.289590694193153,0.29427914571892705,-0.05276044870889978,-0.04367491676364523,-0.04367491676364523,0.18482113155068458,0.2510049402831436,0.294806076875636,0.1274938876013294,0.208948016323924,0.1705225382703473,0.2872806074636441,0.21904542190627777,0.011254095415279847,0.14752987593239938,0.02827343995811709,0.2800140010500875,0.24729472762414162,0.3128954764418839
0.1304720787102311,0.07587228522054178,0.1267678348689221,0.12215363054886412,0.24970728011215368,0.23301360356284812,0.12219785297349489,0.21978503946903474,0.2540201622559911,-0.05341117865042614,0.08869662188426863,-0.06756298745443552,0.19239071985914968,0.18711240103598217,0.24307352047237618,0.259787720102286,0.2269003067690678,0.15831088609130758,0.2516088639553473,0.22812136313388526,0.0687559865012977,0.22397235919998343,0.10446050085890243,0.2564524073020338,0.2638801884251263,0.2564910447278706
0.29980182597781113,-0.10279492892525821,0.30722058159075655,0.2660130769796272,0.3218489571006017,0.29823667015840605,0.31019881143414735,0.31657755316302005,0.26352082659959153,0.31019881143414735,-0.047851916594367334,-0.036996086272559923,0.0064274432054054285,0.2732141156454679,0.2660130769796272,0.1062649015369617,0.29457416825021704,0.27124412899141565,0.30722058159075655,0.26542881272544677,0.012731446692986209,0.26735181007462877,0.023860003306484294,0.31420140510614974,0.31310461363647113,0.2874820522050419
0.21786712156341886,0.23766514885689907,0.17160119432681487,0.14931369362093755,0.26954098690444994,0.2665029549485836,0.2413183873448966,0.1299620883523643,0.19878125217302262,0.2815487096333869,0.1294732488189272,0.1294732488189272,0.12756646789390438,0.2225503330627753,0.2665029549485836,0.20047121229709072,0.25067325296815884,0.1705829362810299,0.2665029549485836,0.25010146072460804,0.09848090445449081,0.1706026342515315,0.13736974490074774,0.268927857897831,0.24984815482744208,0.2640995157821794
0.22064822536111764,0.13271801955444065,0.3208344509013127,0.25213819169574203,0.3364017601033427,0.24561123525374937,0.21373238055761076,0.3091289763784828,0.30152696774613735,0.020183627276048978,0.12094029463808548,0.11925095090553552,0.1745572096355137,0.13583464336059675,0.026105122928203835,0.26131734569633375,0.3062129424586745,0.18903272498746923,0.3473786277864016,0.3445860394806314,-0.031383547261975224,0.12722985961748734,0.0175436596609821,0.3445860394806314,-0.052653280703480396,0.3284911227442551
0.22252508382603686,0.3152418639056019,0.28765891113674774,0.09129976677691744,0.2912781388928264,0.1984829796265238,0.3116600884993258,0.2805142762593525,0.30436269125467813,0.1728432631026244,0.019777569033243403,0.019777569033243403,0.06660259521388844,0.22439891309502863,0.13221116738994554,0.22930231027651507,0.2949556236013122,0.13481486388948388,0.2938525934947589,0.24244484739500602,0.030353009797863127,0.1829533989035165,-0.009309130434765797,0.286189471066023,0.2787001454485927,0.086774563806589
0.24329416919311236,0.22558157529318,0.3632035322738227,0.06864467318935885,0.3536957275361431,0.37946698142946506,0.21101430369334198,0.32589786364817375,0.32810264479001316,0.1011044019850284,0.029432250689875872,0.17831678534005646,0.24918264628625006,0.2253501269319259,0.17163924958687754,0.2370392164790362,0.34645620408890937,0.22105030861545172,0.3632035322738227,0.12305646663261254,-0.022431286553021342,0.2959896429381184,0.07907043303719417,0.3726678474816325,0.24045384170647227,0.14206365967516357
0.1410344508242144,0.09384255198180089,0.03852947016174957,0.2201329735238004,0.3088141637902836,0.07018271775150228,0.10213855663013745,0.2876923171967097,0.06225108348351418,-0.012751874051117253,0.08505909064712348,0.08505909064712348,0.15453551612681074,0.24995615017719658,0.11059093081317131,-0.1761101803771911,0.0811935563736941,0.11835022485118893,0.3020605265314779,0.10512276433716107,-0.09184674758421608,0.09920321781857042,-0.11914626029897912,0.30429327543086826,0.011849730086948201,0.04193560261699718
0.2279447012483683,0.3877791286707758,0.13665747304429382,0.22975255331548713,0.3633771501669355,0.11076374181811077,0.20335999133502874,0.39063795302870874,0.19652627907695944,0.1853517242266984,-0.029412559092429402,-0.039497561621078106,0.12042668134689809,0.21325285334950725,0.1617875572323585,0.2504523971203837,0.37938789655889166,0.14419925330603423,0.3877791286707758,0.3011964798070361,-0.027505871291738974,0.14419925330603423,-0.033788226647684896,0.37394103114572624,0.1940558930754942,0.3386773735978744
0.2568905638934872,0.21906126297823766,0.34081441246260424,0.16609095970747992,0.3530131351781317,0.3530131351781317,0.1912319734115097,0.33142099609956144,0.19499926858543004,-0.05504818825631803,-0.013816589867741466,-0.009918783231496777,0.2891485748891364,0.23567833867749047,0.23452126849713933,0.22274145549802057,0.21934998923858806,0.21797960428311852,0.34081441246260424,0.17196001749706136,0.032106666743517885,0.19907644254071813,0.03577629067202621,0.355518259404387,0.15165470677574977,0.1832050004142134
0.24227926080742454,0.28824508946395444,0.13950558854231077,0.19685371552985462,0.2812245636671936,0.2721289615797146,0.21008522667987817,0.2676872100077986,0.25474933559900226,-0.06297863267353393,0.22695801995482656,0.20547956808365944,-0.01864318379195164,0.24610675798360904,0.1172544117802414,0.25474933559900226,0.2423344506441502,0.18980396800238056,0.285885094647439,0.20234410769996294,0.11252960149949812,0.22342966411229934,-0.05304576150695561,0.2906255243139109,0.25577785320670876,0.17952959048509157
0.25709771084698974,0.2719417439359874,0.14858911880529152,0.2341084556110419,0.34568250590768157,0.3504129833185114,0.18864202178736672,0.3433504271618471,0.3480365330237188,0.11031380111641667,-0.009858428559631673,0.001113906637611455,0.26237678362659944,0.23632045015429182,0.08849120165833174,0.3669339489278922,0.2341084556110419,0.21289324648996683,0.34568250590768157,0.16288612214849146,0.03689184538735728,0.16613301783158657,0.043769758948934055,0.3254309313125135,0.3601529820502572,0.13337561474567114
0.15616032154139758,-0.01002477929868972,0.2919036686316746,0.08974281318876756,0.30131193200401235,0.21585383238986838,0.16984316858389567,0.27836359715089665,0.32117834736262657,0.09962791724813075,0.32638857225812773,0.32638857225812773,0.04170897685833969,0.21284584414600544,0.22481899773228378,0.06755769481298883,0.3037157601371841,0.12440640679559803,0.3186117930106044,0.06057773444658082,0.008715393727833465,0.13295296847436805,0.0010023396856526535,0.2873173943819228,0.13309986622851075,0.13706376111568017
0.23807295427118977,0.2858510737397418,0.14066013987200632,0.24743093640113925,0.3249141407378679,0.3068785787822172,0.13192160174959533,0.2972612885557026,0.28231892964343835,0.13677069165636954,0.14210128858963544,0.16121554546381928,0.19930468586965944,0.23578157425830368,0.15717510627928857,0.23633403388043023,0.27699544161276357,0.21153452694845626,0.279183532640352,0.06961148345685128,0.028793463463843448,0.20561538308491356,0.08247173964974107,0.3117832071759404,0.07039178240110582,0.25223220692535253
0.24290351750285033,0.3444692951903745,0.17436534328759623,0.2558353929496021,0.2966759014016558,0.30455468515615536,0.33391301276307633,0.33139032323849776,0.3091596425108536,-0.04871223004474547,-0.0381493504325275,-0.015868814399617917,0.12899141507829326,0.2779628323912162,0.28413646475457527,0.20463606610364812,0.29514823161341236,0.1859852741076436,0.34180772552532607,0.31884682164243655,-0.056196664240863135,0.20324911692582323,0.06078476362702249,0.2535834289701799,0.17541352921962902,0.1309944396704005
0.1549028614910588,0.1459617527060255,0.14143439465374277,0.12373093159894755,0.2886642133978093,0.16372372891106046,0.1698308528206288,0.22901009083802049,0.2722777742453095,0.1970488862008343,-0.002551483667706988,0.03356367601994703,0.11482585920098091,0.23274901320473318,0.3071754191883777,0.29161046851041295,0.2796103509340706,0.1656052810795509,0.29739498478373105,0.2796103509340706,-0.02888122949888658,0.1909254074939522,0.041753521738595326,0.294808858199052,0.20285357941460078,0.09389794896784825
0.26228707320734734,0.3752960151301253,0.3351234386946963,-0.025151246529812765,0.30115698597647056,0.29394026954114477,0.24511946113460553,0.33424738830801465,0.35080983307610336,0.23438836414125586,-0.038079816033709,-0.03366878977979043,0.1638716921321754,0.2634413123594569,0.313059423513584,0.04234909550660867,0.34419880949069115,0.22730454146233653,0.35366240533868654,0.33424738830801465,0.006611675970018531,0.1883553678965952,0.015027279679978226,0.35654301470531685,0.2543724263867403,0.31069842001832837
0.1892158887322848,0.12925340565663604,0.28776084568255367,0.10680021746756789,0.2738969001972573,0.22418958064183356,0.22342790701623894,0.29013985980962664,0.1471202456468761,-0.03694160295773889,0.2854021063339488,0.0659716699805755,0.20953923526497129,0.28263803170695434,0.23235769299325293,0.12455737834642537,0.2615650962279709,0.1508358868472999,0.2677345962856694,0.29013985980962664,-0.01699866510896735,0.13697146737513233,0.049796048101440935,0.23983249331159365,0.25216813347317635,0.2010451950377271
0.25140120805672456,0.3132091333046726,0.31772479422053757,0.22256939896116598,0.34417582455212214,0.3504608844860825,0.269269697902376,0.30099660639978054,0.29521094971623074,0.052828812861153596,0.07439910739144656,0.1443720581032826,0.27290115742221926,0.26442339748838234,0.20212780201839525,0.300132592160512,0.37035305160903337,0.2197980567642607,0.3416475896395347,0.3599372801822112,0.09671938341756625,0.23714559762783535,0.06569600464207616,0.3416475896395347,0.2899965789545333,0.1737625434027815
0.2701288061347547,0.2461748615008839,0.34621488175981396,0.16372802461482627,0.3515502569314361,0.35426037039682184,0.2702434686762312,0.3515502569314361,0.32190526899970806,0.27412802851755375,0.36256880631572375,0.36256880631572375,0.26039081187378815,0.26523305923686047,0.18273586049742685,0.35510583238699545,0.32640043323057166,0.21141237647845615,0.34621488175981396,0.3515502569314361,-0.011334692570412256,0.2266938514082451,-0.003795554335340326,0.3515502569314361,0.05035371840692256,0.36807479051742836
0.10423972921249833,0.11803325150169793,0.08989061044468016,0.15921428353000816,0.27942685680680773,0.2996635395274686,-0.057657702630728225,0.2547109720306702,0.27989525729044396,0.016275930857658612,0.022467549551266487,-0.003568596010155355,-0.057657702630728225,0.13472485382229468,0.11069378071599587,0.12743593269110373,0.16682412929915277,0.14830342700990587,0.25893816325151,0.15303247726669528,-0.030041422907918232,0.15527877818675614,0.03826337636864035,0.2597332179886816,-0.057657702630728225,0.2967473134823095
0.18619492900102536,0.1959382003790963,0.3479705059249442,0.19509024160095811,0.3642123735325372,0.21036515095876732,0.13685219779364788,0.27002245968911587,0.33765081005844144,-0.07305239869562878,-0.020830922486442967,0.011212461687139644,0.10816223950478406,0.24760984333638317,0.2149993533162165,0.10534739789068907,0.30648139133282637,0.18871775902152105,0.345354476201132,0.3479705059249442,0.015052043103336264,0.18574898985441857,0.07203268760150043,0.3586904253259085,0.3401951671809845,0.2037601716488677
0.1625478668115311,0.0844372140934542,0.294752512119545,0.02305569609610671,0.2848315701589397,0.3130055605199469,0.06430107408052756,0.2547109720306702,0.25692627971903326,0.14444768685315545,0.07027389066152084,0.08234497117749366,0.2210679839375578,0.21904029519663132,0.2747912008810192,0.21402849077821073,0.23976216134688563,0.12294970038056742,0.3076660834211302,0.03438651527026884,-0.07272790558143022,0.16129646245015117,0.11939323915730451,0.2897489918836326,-0.05536666281420289,0.2659464468421748
0.24671525226590768,0.16709118195538722,0.20510687503735917,0.08941246697938537,0.32047090040691406,0.1716309904418306,0.20995442601897182,0.3161698788822009,0.33119480189775136,0.17905695807728578,0.06454806921596769,0.06454806921596769,0.28643877786382166,0.31831169951102883,-0.07928051125468637,0.22324148106417063,0.32876751719199193,0.23763104817095804,0.3098452211410705,0.03403469850837594,-0.05752445837633626,0.26494668885960415,-0.04871309933747584,0.34626477165886077,0.2261827585328809,0.31193697930669123
0.2826796219883994,0.22622606293209754,0.3703687641911364,0.26365101706151844,0.36498452054051833,0.37309900059406387,0.2862735061531249,0.36498452054051833,0.36498452054051833,0.16818955301168736,0.018112861414502166,0.02008189025119948,0.25818966893569895,0.2552189756083142,0.16750513727791383,0.2809125403758735,0.32278109354248086,0.233104791404741,0.3758554141683755,0.36498452054051833,-0.008225309719615341,0.20752905478343722,0.014471447060295154,0.37309900059406387,0.23502450209378134,0.24679936480993672
0.19295686621820848,0.13553081385792207,0.27864309033911794,0.18378804478257593,0.27864309033911794,0.21873493049654624,0.15690237942852936,0.2961135578901023,0.19326341076949038,-0.06195586093826812,0.07781512938217883,0.06861532616386304,0.11224972550028617,0.2408862724839865,0.21866872100728876,0.20257590039305198,0.21323778130461446,0.14778272766681166,0.28848307813142476,0.0911170552534677,0.03239989372852286,0.1591820343399076,0.01331131392572503,0.266830690340451,-0.04431991849210392,0.08894265335811254
0.24790060145803805,0.14532022643729983,0.3141712748432713,0.19947273051880848,0.33755114997802477,0.23710306741135395,0.25916714394483853,0.3064182392580316,0.29081409462942687,0.3039017942099011,0.09504366682771591,0.10222942730356845,0.13215846541242796,0.21608596770790828,0.22012055170450487,0.27226034414035144,0.2988312255373382,0.22549612663767601,0.3329758489316229,0.3141712748432713,0.11769941637878745,0.2673872354075206,0.08095238250745274,0.358858813460457,0.33755114997802477,-0.053632120001064744
0.21132278465340276,0.3218914666059365,0.31785162640468884,0.12662442983787145,0.3299470557120242,0.12974997085445084,0.1158661277983175,0.30398888289556314,0.345823593231,-0.05927271337859924,-0.0062210066307108285,-0.0062210066307108285,0.18995115374349122,0.2252919164017633,0.144495591175324,0.008463109843401161,0.24852946743601195,0.2069722500123996,0.32453832275286004,0.31134771867543315,0.04199497155046576,0.19539550336585332,-0.008758210835382555,0.3152566270027452,0.3314201076961457,0.18722036302204545
0.24187724857973297,0.2913261948627868,0.3305338910043086,0.17981385491307217,0.28727327421081805,0.3442306812380963,0.24173613761364757,0.3463453739643985,0.29416848379569493,0.3343175693689342,-0.07129554617056699,-0.07129554617056699,0.1707474923993581,0.31305374266993313,0.2849100597231963,0.27584196948245254,0.303477004646573,0.24303994016179506,0.35584460557098024,0.33311283947414216,-0.015572391785595663,0.32215863636279246,0.1008331065263297,0.3528973104688397,0.2694295025158503,-0.09724972862420742
0.25626166068201767,0.1566565808708704,0.1919268611116287,0.22908803682239892,0.2745825608922202,0.27393547580978334,0.13812617767838048,0.27901949378574564,0.28126663401643975,0.1766140997733126,0.04845498839488135,-0.0501998889069241,0.20638303529762037,0.23700581545271038,0.15958160375450073,0.20826241525503186,0.2928516834920772,0.22885240162998913,0.27901949378574564,0.23453915073379505,-0.04169633758924305,0.22485858493231228,-0.051987358457511915,0.28126663401643975,0.2723919040282021,0.1613473388440211
0.14805880624533102,0.31160338636615176,0.13640719001615612,-0.08459752607435056,0.3169892811201246,0.07712279044008669,0.15014844297013835,0.31195061939278695,0.16369517072599896,-0.04907812057142634,0.13821106109435158,-0.09196462423677795,0.2188946779578983,0.22106744562670816,0.11855287027762347,0.10720537002624356,0.2341419665298741,0.15301423305895,0.31954359480176336,0.08230375455702257,0.0631429428423996,0.18935633762695864,-0.045920614038978784,0.3169892811201246,0.2789777177571928,0.34096973999347874
0.223589239930126,0.2687947386088571,0.10671201812422802,0.22127360299883025,0.39050309681448225,0.28967448924225503,0.35560073452420965,0.3418817293789138,0.40035266711302936,0.1555427542095638,0.03854106436293002,0.023972499316625824,0.18840518546817542,0.286395331898545,0.08827086477772345,0.18146108296596655,0.3833450208596965,0.18014218253002862,0.405416476233057,0.39050309681448225,-0.023972499316625824,0.1930196645266118,-0.012253825425767521,0.36733998454228434,0.33136842588877025,0.16529538973673535
0.2260423918860108,0.34801295597821325,0.33964918892586493,0.10035074899149761,0.3156690855025835,0.35956100318733375,0.1086394794711772,0.35372805300442933,0.36551772383371056,0.32977587586465645,-0.000475674270312405,-0.019179778263703158,-0.03127577457170147,0.2457199271535332,0.12888614189296502,0.1359835072821698,0.3236113258083193,0.1543904136830006,0.35956100318733375,0.3625235079963656,0.023810919941400475,0.17403814728585676,-0.03458436963058787,0.35372805300442933,0.05543980811963702,-0.007204381596421112
0.20450948723000736,0.14672702373744964,0.1526422223197828,0.17888647652319675,0.32762689049855614,0.11719137134857786,0.21712953903996524,0.3326879352093998,0.3326879352093998,0.07390146714692745,0.006707453715145005,-0.014759052882155033,0.09229158875433921,0.2172883954562995,0.31195061939278695,0.29973763684382954,0.3221219734123193,0.20638016564675782,0.3381311381679527,0.3192346008263643,-0.0008989440463084987,0.14463933621513306,0.024335108482812406,0.33048468376692053,0.15084837464820336,0.3220026124110848
0.33269141746453734,0.19560178268746742,0.3296915218370302,0.3159750381501422,0.3638561609314022,0.31728763846427693,0.2556624453288383,0.3322333722486629,0.34261992233881194,0.24100312271652843,-0.034848772646410515,-0.034848772646410515,0.3111320634707073,0.32664197156347424,0.28660981405960884,0.273060789253939,0.26645685974381217,0.22434137548467692,0.33998942355565887,0.3373818350690028,0.03309105120124329,0.2436129352109185,0.049425409284561926,0.3506541623676989,0.15852111744342867,0.3617205235541755
0.2045926524015733,0.10538707739771534,0.1844144777330935,0.14015558457365182,0.33079615232447956,0.20601490888444693,0.23445277783239352,0.25787807698527226,0.31908153148656243,-0.058164948429869974,-0.047578940003405255,-0.0511755641871771,0.20185630188326378,0.18807510603907832,0.14949785417162723,0.31908153148656243,0.30137693505735746,0.13606282079941875,0.3078768526032592,0.23325620969998398,0.07983100711431086,0.15981065530499372,0.07983100711431086,0.32604549684401835,0.2377135670046632,0.18217221381416274
0.07112196729171562,0.09121552325312095,0.010207208710470138,0.33686513133726875,0.33686513133726875,0.34161760230833615,0.08607007209808654,0.3321820209474657,0.3392325163996995,-0.0708214231796511,-0.04210679384343526,-0.048240044553140266,0.13914248878005614,0.18821634376709823,0.2889187564942243,0.16712758297116587,0.23272725146110393,0.16614269179760072,0.3392325163996995,0.2719662973718072,-0.04005963724010764,0.152103893807674,-0.032367472201347156,0.3488828178681231,0.14713253419042951,0.3392325163996995
0.2520597176268805,0.2767721020262032,0.16710312605025837,0.23623977770290264,0.33434589621020033,0.3018877973260558,0.31165793308147716,0.33822353457209764,0.3511071161800555,-0.05049474755706385,0.03840332960585221,0.03840332960585221,0.2849110661614466,0.22805303871057567,0.24109085332471325,0.1869502706614882,0.3163734827174376,0.23623977770290264,0.3214146269083372,0.1663985751982892,0.035372356091386024,0.24674474454845513,0.05755853826101437,0.32651813799717994,0.33700330373621185,0.2811970263359033
0.3532578552576072,0.3840639967061743,0.35746888844284536,0.2453286458129359,0.36258408861591174,0.3935567855220023,0.31388905977477344,0.3707766264919266,0.3651779236008759,0.2200901661032887,0.15839118091439774,0.04705124413467698,0.20251801966313773,0.3101086465172896,0.373260731865206,0.3731109692973184,0.368314972174517,0.2824840758051189,0.3731109692973184,0.2252145326214937,0.03273233344816647,0.2616198391452812,0.04095227981005403,0.3897129163393399,0.33379427304699233,0.34996950262240933
0.2275215638071421,0.3703266635691443,0.350657055297039,0.37368770510929045,0.3821114898062593,0.3732334234686083,0.3191544967076035,0.3791252269257342,0.3851255011963443,0.11941628680530642,0.1461665598507258,0.1302128292030311,0.2064126027805032,0.2316606941639725,0.3703266635691443,0.37647664485246096,0.3103096768879992,0.175868620051287,0.3791252269257342,0.36744521225797483,-0.029830116668637618,0.14150551057753732,-0.04337880162138561,0.3703266635691443,0.15100061353825814,0.030301978096210318
0.24809303088898707,0.29999033794102986,0.33773188288927836,0.2157397013211338,0.350289294452247,0.1464911181227817,0.15541444965593895,0.3543251423909247,0.36649372095357335,0.072064251751936,0.020997398787852072,0.020997398787852072,0.2578725444265478,0.20886147487222118,0.22549792687376596,0.2657040606990485,0.30424166219605026,0.2452761545156163,0.3514904572527795,0.3637270212513401,-0.018960682799800517,0.22123675915684726,-0.020997398787852072,0.3529260648335298,-0.07350904618932949,0.14366749227962716
0.12552965657530774,0.11892941188515888,0.2958087106455252,0.14988842845100583,0.27784796484081414,0.17378619132678316,0.07896326558488644,0.28088596729073373,0.2854351094409341,0.18255018144895316,-0.005301757034226954,-0.005301757034226954,0.0389948769614631,0.17515670639921685,0.12592291867610236,0.031756691109318516,0.223887180564788,0.0953917166474785,0.2854351094409341,0.22975005058104392,0.06366200657853219,0.09052482985352296,0.08464913560657514,0.2958087106455252,0.2405474776165604,0.2922301963078265
0.25802584413462815,0.32364470367917103,0.32538815978081526,0.20036767888265294,0.3425099904804938,0.3359528504544088,0.3034794148828714,0.3425099904804938,0.3322420770360353,0.17550826341420686,0.12870533498578315,0.1785564580868303,0.20317962982879373,0.3187960514504471,0.22342928969334094,0.1823730593378289,0.3059827505357837,0.22310998668878534,0.33864375612311604,0.34135546233419006,-0.05622639720999095,0.2368353702946877,-0.07824740203913388,0.3322420770360353,0.22197278514878707,0.07224053809818015
0.24209554188379567,0.37760532474438174,0.35716976806341233,0.09663879891101618,0.3802663026665203,0.35716976806341233,0.16941120933396472,0.18078423364039647,0.20084576364218965,-0.06890963656627357,0.045809260996003194,0.05431549158327181,0.07768196633782072,0.31764479746071633,0.27744052966138705,0.27386568453251103,0.3357765233229141,0.21164328849776096,0.3911702832860029,0.23952064715710264,0.08947024456865246,0.21164328849776096,0.09047713826285009,0.3646630919352458,0.11682087840873989,0.2410758193423872
0.21787332845347535,0.3846512316842254,0.37089256175632646,0.23378216783057987,0.3636392795597426,0.19201333874773724,0.28548735576734446,0.3664299582060865,0.06333032649018323,0.17338549553676647,0.018000851872260203,0.01689680678766632,0.0793563751254052,0.23575829060022574,0.240216047365527,0.21331477501396037,0.28455195881106343,0.21331477501396037,0.3608748840075011,0.21115291306574901,0.0036973693332326783,0.19631002369088468,-0.0003706997733811962,0.29923699762673583,0.2425474282600637,0.009762857711760081
0.22851615805575154,0.07596377391770225,0.3128321202507973,0.24303258187197296,0.2951548478779584,0.19739759157004858,0.041985746455800596,0.3119945561918622,0.2139607661278117,0.23536880678718824,0.16158366539248636,0.16158366539248636,0.08834475952758425,0.2704861481648711,0.13536390832752393,0.26413527189768715,0.25574198083458966,0.20345882498166054,0.3119945561918622,0.28192175991032775,-0.04585607476241302,0.19810145392326534,-0.027424814039887894,0.3022491454968261,0.3223067932058653,0.2695783144348738
0.27968305719147474,0.09335690883502532,0.0028884738892484356,0.2966292999809744,0.3548627929354594,0.14327516640737553,0.0964904280507892,0.3470233646247798,0.36292756064248294,-0.06424704657761371,0.03939551420897038,0.024064653241409377,0.05954931139182529,0.27198686098506025,0.36843707292911176,0.05170287346212663,0.331963040041473,0.22367844736484735,0.34961239912622427,-0.17391867576770745,-0.024064653241409377,0.19976740383132338,0.0647409827576293,0.3656686064265456,0.15654265994079505,0.1452377579925502
0.1966630979465884,0.16066346375782642,0.36767565604980695,0.11904555744203343,0.34887924460832515,0.3755670878510229,0.29982493285227074,0.326800703889523,0.35271994922445904,0.22955249504626685,0.39449487720290666,0.3812221748268102,0.37838027347785147,0.2515731317647994,0.14105062498097465,0.041728119259412076,0.254470570455605,0.18349592734220413,0.37838027347785147,0.2245589108017449,0.07424338112575563,0.18502130010069953,0.04241040021795556,0.3869948436278218,0.14190018635866125,0.29657137061465455
0.28288323668987,0.17675781548356712,0.16386620596992416,-0.03922881557607688,0.3383814102983255,0.19931858420105894,0.19512393666477099,0.34060690349210426,0.3310044310627594,-0.05711029476045226,0.057838085916893184,-0.01882229956401931,0.2503629342067706,0.3383814102983255,0.21162705496449835,0.3222458153334661,0.3433945460686062,0.2619052702435919,0.35137699413201173,0.35137699413201173,0.0350714217962957,0.2437170699625154,0.0288114617026713,0.35412921661911634,0.2880192890121905,0.34326467606705036
0.24914907805251085,0.37893986921703626,0.3503643186144708,0.22233193587191674,0.30249117631106015,0.3503643186144708,0.1933243158058583,0.38194266536535204,0.22383485675133985,0.106590540586617,0.19151329311067145,-0.10447945385558646,0.29760433503035005,0.27862857291519855,0.057126672464840114,0.17469115863662055,0.36096737287656855,0.22419547096061865,0.3700985318777699,0.3556671884003585,0.0064869115253115145,0.19413472107373664,-0.009909216683403207,0.375965350257201,0.3850447621022963,0.2890998349619462
0.28526850798881204,0.17995564327671473,0.3276041779101405,0.14564113740467663,0.34985549784247305,0.36299167920777925,0.2538392766175764,0.3656929576650952,0.3684202427318623,0.30887504127510623,0.06685375985257021,0.06685375985257021,0.1858376153054538,0.29988162350828956,0.20141668925493877,0.30025075659092476,0.3136312117658053,0.2385604974394336,0.35503812414108216,0.3397591426819003,0.07847236064270803,0.27260574100201146,0.21926333436349146,0.3656929576650952,0.3684202427318623,0.32287590767599345
0.24883861367544832,0.4150158779835867,0.4150158779835867,0.2411025256975307,0.39714147930550797,0.41682584594782923,0.2906701660773987,0.3819255844016916,0.362781015595799,0.3489701944003391,0.0573346948606486,0.41797061586926054,0.13789468922585293,0.31120899370947896,0.19143233887210176,0.16150390290844763,0.3698180208608661,0.21178455515967842,0.41209153185188546,0.21020243684471018,0.07308249544276346,0.25709187763549435,0.12610188252304944,0.40633131824141117,0.3997563924919049,-0.16352684534420267
0.17456029964011,0.030358319323630298,-0.014879844637328067,0.04374425352590353,0.2502190915190807,0.23924330250681836,0.05575711123300416,0.2666473829985117,0.25399266975248813,-0.00619182187623036,0.03919883091288186,0.03919883091288186,0.27596227767812587,0.21402778149485288,0.16830438826501604,0.22719321269156936,0.22355217070737515,0.13323427815642033,0.25399266975248813,0.06909862702479744,-0.03488696402144797,0.18532804110029902,-0.07376198034808971,0.27307489030305837,0.24757335312097675,0.24757335312097675
0.17957564760695746,0.047555241730452315,0.22163402994538833,0.1584693649591048,0.38820005491722664,0.06394124646925946,0.23748372142728316,0.3257254674550545,0.3302372895725004,-0.011963732667128246,0.07900116692926977,-0.08089909155452311,0.06167636726447324,0.18889311154664948,0.0799057700588377,0.11139506505726524,0.043032231209352755,0.13213859650267312,0.3169072111677702,0.2919084978946054,-0.08479653955507166,0.10491999278002186,-0.07001038340657564,0.37718656242172227,0.15303296906608135,0.32349575815155146
0.26787216215095405,0.33623625427907367,0.20116907574622456,0.13357630022601555,0.3964761474226054,0.38993531067159865,0.2235065404370599,0.3872431575848969,0.18563390627121507,-0.05734153954945454,-0.016339003101678667,-0.0124906697672323,0.17616353673845983,0.30750091586294837,0.43258715197090813,0.34791335129541423,0.369775931388342,0.23724428429179326,0.38993531067159865,0.31766739653982073,0.008532085244531638,0.3248309206852415,0.037709405852461596,0.39539529751055424,0.3591405148975944,0.2779070167880816
0.22880111017420496,-0.09324274696474254,0.29378619844115045,-0.000505714300503849,0.26078877780071785,0.2655810764576809,0.0960872362735316,0.22735738215289691,0.22735738215289691,0.07602333951191957,-0.004209666428232397,-0.05705558070216002,0.21903424709722102,0.2888064768652745,0.03747639551792454,0.002804811783790296,0.26804865852506565,0.23271479410781187,0.2815152222421075,0.29631353319538895,0.06196715533733109,0.2563916752837748,0.05554704927653768,0.30144635005705306,0.2648354262895827,0.26980153930624196
0.293941304316602,0.3555598862169235,0.35509889682803314,0.20016411597031444,0.3902827709616603,0.3898259243957622,0.34683418307122693,0.40299839393123366,0.3950245821180753,-0.07297799374476187,0.16530951672522215,0.16530951672522215,0.21529544798895556,0.31464483409495264,0.2424290412096703,0.20559712752321005,0.34244133016353573,0.2840452887452965,0.3848591992329796,0.3821943562158816,0.019593535513189902,0.25608565955726326,0.1534277738465382,0.40429654885668176,0.4014394936176808,0.3947521893008447
0.24674441453162616,0.21850103011247834,0.32703778608783785,0.01813462866246379,0.33177958361951526,0.29738522929530836,0.22792036628813636,0.32703778608783785,0.31779088778997394,-0.0567094025797869,-0.0027154566069241756,-0.0008360759806331961,-0.025152144372481134,0.21269138545309912,0.11079141679886165,0.17779804746472228,0.1800092652051137,0.21772375508101857,0.32703778608783785,0.3200740696108695,0.0674891754606063,0.18126268106486432,0.03696516253749253,0.33177958361951526,0.24265218103055516,0.33177958361951526
0.2413770878020127,0.10378403889180404,0.08861087635290399,0.19788190182145599,0.33594904647120705,0.33329158246452534,0.07134263840092928,0.31781805786824663,0.32034338279098207,0.13843123058077378,-0.006968581203219587,-0.016407707766091354,0.11407760260303289,0.21258408481003796,0.32448771083341754,0.17379317620229845,0.32207246541898665,0.20061975756161232,0.3254568827311552,0.3254568827311552,0.01433536704662315,0.19148583796966961,-0.0028591259765923262,0.3293747235941566,0.28897767056607393,0.17012089045897655
0.21394044844893492,0.32557078069793416,0.13123118773503203,0.15768688316039195,0.3174535557486658,0.19802950859533486,0.13792515670448113,0.2990499863048703,0.21390265072270104,0.22180276504481194,0.1413505073747851,0.02576013919447018,0.29639389047161063,0.27847332307772266,0.2379304180955067,0.17088358703756232,0.2824074074074074,0.21296296296296297,0.2937629918868251,0.22430412457115342,-0.008424553147630246,0.20818558528166287,0.1374959312281319,0.28857433140200756,0.26394894431750954,-0.06426879029685247
0.21171489063783952,0.11194621242500122,0.15207695672995905,0.19582577322605166,0.3644737283779155,0.33086767232003095,0.1493679222639068,0.3484675440018753,0.24636328053194162,-0.05713686058586376,0.01271880300547356,0.014732768686239132,0.2973692950196635,0.2973692950196635,0.06223231658483773,0.1902039176727637,0.27382723873182796,0.15582695129052138,0.3563562701462326,0.11214032600406416,0.06376798710193254,0.27587155623901366,-0.004987637909751011,0.33827920646723036,0.20403331028257754,0.19689065215691165
0.1973855084879307,0.34155185332219823,0.050731297866542985,0.03327791628198609,0.32209527032944957,0.144682048854902,0.13344012817090595,0.33619614469319103,0.1425717513944706,-0.07392212709545729,0.07851977256922164,0.07851977256922164,0.129651756878192,0.18201783862232032,0.26268476520490436,0.141118451592466,0.34155185332219823,0.13644969892503755,0.3388623526782914,0.08195900262456032,0.07585826061362605,0.11823822487824208,-0.054786521554285476,0.3257539279236215,0.3418952621361694,0.14583949355774567
0.1988706611640054,0.09593542782019752,0.2749876720809674,0.16768908688681125,0.28845214590309565,0.27031025295064476,0.1645401867854412,0.17412474851870072,0.13657296120531193,-0.05892556509887896,0.16868350848302166,0.16868350848302166,0.09759000729485331,0.2861316917596507,0.10499013139145201,0.23030726004361676,0.2749876720809674,0.1526406277181659,0.2749876720809674,0.23232323232323232,-0.0020645079483551597,0.12381582582459406,-0.01247468647608533,0.2797288235215833,0.2602896031476768,0.2521825843577464
0.286875357301081,0.3702496688525235,0.200898780594486,0.19695524739398831,0.37551846756646756,0.3702496688525235,0.25240273427222326,0.36253637582131865,0.3650828929127199,0.29698542771036474,0.007513075035175163,-0.011391308869344611,0.15348237313945323,0.3247184711340489,0.34529117931325093,0.31600758597857376,0.3702496688525235,0.23784139654801864,0.3676538094344125,0.3707735971517222,0.018627296352658917,0.2251052223168606,0.027281718644357984,0.3550380048490387,0.35889381514182894,0.3247184711340489
0.14854387178941283,0.27632064210838003,0.23631826635484954,0.016148275989172435,0.2840100141789966,0.2815567040222841,0.1091074742931916,0.28431350719506643,0.27081697054957826,-0.055432130260436224,0.07444395456865471,0.15897097937801283,0.11262158453558892,0.23864447616576737,0.1595936692610952,0.1972448144158057,0.23631826635484954,0.18518253030036624,0.27613084448356445,0.20155429512789402,0.07174367219759717,0.14747569319698264,0.042064425281630846,0.28431350719506643,0.2110275523858465,0.2115087455584218
0.25509711428464527,0.3191442087077528,0.17450659089280648,0.26791224104697287,0.37936498705951216,0.4065394694587984,0.08413985752769991,0.3941671734207165,0.21847837925861494,0.11673392909177976,0.0419851029695184,0.0419851029695184,0.3438032351984672,0.2632426530618602,-0.0353172017719161,0.26174305484333293,0.3806471234323897,0.17280473308531258,0.3941671734207165,0.37287003458407153,0.020374929057793468,0.22285943013849766,-0.0007421331776017488,0.3911500685360494,0.2996611059435305,0.07435028591883425
0.21219488374620613,0.23690201614380585,0.10758230822673029,0.10676703800904332,0.38575699025269716,0.25157763920891146,0.2308131984484667,0.3771987531632417,0.35815947982048624,0.3170613057779546,0.21167819876357774,0.08822885365302156,0.09381991251775139,0.261135268741669,0.06754206160617766,0.05279419083434832,0.29580568870418206,0.15596291099698892,0.37440155769619865,0.39021873363942955,0.038193096216580444,0.21471087540757172,0.06317209391949034,0.38575699025269716,0.3371421188209523,0.289563955530266
0.22118324010777962,0.13608871260286529,0.1674704777066257,0.25726893754022634,0.27025640481929775,0.2638995967937345,0.14895322662846924,0.27067667688073793,0.26153510199653557,0.16983229428082391,0.02217100595069172,0.15246217363345047,0.22511568457254597,0.2652124065325341,0.14075207481297505,0.2283616781691135,0.237119614229516,0.2059096454256885,0.2526121258886546,0.25939443440976195,0.029438204905640624,0.15988985801691086,0.024116350734200206,0.2685432663803972,0.25939443440976195,0.1621196413851192
0.256189580088433,0.21519604438024917,0.2066314187675968,0.26101021917268524,0.31593767561222513,0.30482598918525167,0.1733220668278804,0.29331060870160613,0.3406385567699042,0.35121369557354704,-0.0053481898459005715,0.0015840684513397094,0.047618150547257224,0.2356521738887173,0.2359910547593992,0.0053481898459005715,0.2954924386183371,0.24600269720914364,0.33298171364676693,0.1118614199563845,0.05739999385016197,0.24373648919138186,0.07727044558425694,0.32069696091138666,0.27825577576606275,0.31593767561222513
0.22547473299706938,0.3401254696611341,0.10592567111639553,0.14451972549244527,0.3500958780849524,0.2559672599413717,0.08727408665047823,0.355225406323928,0.230333376037376,0.052259544002009106,-0.028114186510168462,0.06689166976575217,0.1169155423869864,0.19741186928627436,0.32816180293714314,0.3526481626529524,0.30537084687461463,0.1686251104994438,0.32583096632346636,0.33458147022903445,0.014732313146239129,0.21558505449211882,0.0166168045180851,0.34859096097130227,0.207722156963384,0.2278903251087446
0.16939689908783892,0.16894071469987273,0.1534523091618245,0.17333224182563922,0.24479049687226312,0.25983920248926823,0.1503992178928583,0.17333224182563922,0.24899220808978617,-0.045648981184800694,0.055972889360631155,0.17225092661970792,0.05433862948744792,0.26197816873239127,0.23063750262939342,0.2554392950644129,0.21911676283363868,0.1994521008715738,0.25327038126205276,0.1957437343965868,0.05108569565461493,0.15606927418039485,0.07936596506050485,0.25983920248926823,0.11982278914141462,0.12857090677497615
0.1832514428932843,0.10909778823398016,0.1055999932909218,0.18832564395762716,0.35137365555762196,0.24613905390090032,0.1078987510040196,0.33388538219251224,0.35137365555762196,0.06038262615022953,0.007425154251978706,0.009239172299628853,0.2149887532782331,0.25194296253462517,0.1933589667695219,0.270703849740718,0.32207340000368,0.18722395731557184,0.35137365555762196,0.35924866156368873,0.03208515018763266,0.19349849320529083,0.03773676080920047,0.33148032228050467,0.31522963352647915,0.2942179127630917
0.2975478634563767,0.31176293873177136,0.29548349313946815,0.21560271065363673,0.2485493248604443,0.32315948296093716,0.3917320510871994,0.2656734007778782,0.26022787216493926,0.3999469384539523,0.24556933222078994,0.24556933222078994,0.1408138147435505,0.26022787216493926,0.2693784099313483,0.1899306188318722,0.32315948296093716,0.2552287463538191,0.27730258387631157,0.2953621837923449,0.08979644041363104,0.23370496761401705,0.11435054611116204,0.30896443765405396,0.30896443765405396,0.2338591142669255
0.1789545327391365,0.14820505865508926,0.30825202699478327,0.023089454257499743,0.2962852052261436,0.3151601919725466,0.21436015767925998,0.3156563533654224,0.20801257358446093,0.2016951602846272,-0.08519459710653524,-0.08519459710653524,0.11237898448217694,0.2070760569659101,0.06586541071481279,0.15086715072226164,0.2335758985532877,0.1613198123909553,0.3033931805727538,0.2803506639523517,0.06586541071481279,0.20380823775158152,0.06986421965656374,0.32328628660521297,0.23780705057447368,0.21888232065014118
0.21611222999331187,0.18113543624859793,0.17851135114618308,0.14335921658496736,0.35631624524084066,0.35816928688417676,0.20758707293128742,0.3135267654522479,0.2707121983572537,0.346184793599813,-0.09597662249315385,0.08094505845488988,0.3278530315317883,0.12165708965810233,0.22377233451475093,0.19100938924719088,0.28183592402272456,0.1577188207430086,0.34951742811004316,0.34564209834889537,0.03185507888621741,0.12597787685306686,0.09236752761034316,0.35237195753694023,0.35237195753694023,0.3315615993728245
0.1691487752207741,0.11807194283203232,0.11848385600196921,0.20313490954683577,0.21659009492441836,0.20675336355701976,0.12606961071361442,0.19754690687066118,0.20457160705965294,-0.04807914572194296,0.0027353162081006927,-0.045060735428185096,0.164174049742659,0.17119476261858804,0.06744444983222472,0.010977931385442556,0.18665931721811024,0.14755629537242726,0.18979246169807507,0.21031956298529406,0.033330172723833554,0.19602510826706826,-0.01843192874204852,0.20895410935077885,0.21117433640602548,0.18774646076899978
0.2895309970504555,0.3903366850843889,0.38429096087524384,0.14711250874628393,0.38130894709991875,0.3854230818079899,0.3633859203981636,0.3290565279716834,0.3755920836304387,0.0,0.010087750485690212,0.010087750485690212,0.1331332520975453,0.32687120076908005,0.3092534693491531,0.3383306154562917,0.3552374314137668,0.2564217913654907,0.3854230818079899,0.10332358007519267,0.023737348987414766,0.2895309970504555,-0.015570551495296247,0.3730188334329282,0.4059581844637519,0.4027731635120887
0.22150268731985104,0.3061135465194101,0.15797182689769707,0.08832031402834149,0.3034611160117141,0.0828841837755689,0.15627258209676395,0.30083119682548143,0.29563676664374217,-0.05935162330986994,0.02986716257167124,0.02986716257167124,0.16923023386302766,0.27408509781194135,0.24362753289943473,0.19309292207482198,0.2175654765870987,0.2175654765870987,0.28800102400546135,0.25407844542508584,0.06408905511868024,0.23262733664977742,0.07060414595115289,0.3061135465194101,0.3087890377243903,0.31182244893975486
0.19878114149478573,0.3285529496387864,0.16197447604857867,0.08644346725879186,0.30690454692721414,0.27590251052246717,0.12033676773462637,0.2306219344955708,-0.043254651933759526,-0.06576012023474757,0.018340400115598933,0.004377165814634774,-0.005805744527551831,0.2566610864035845,0.1923869745000313,0.22742301662972753,0.30449714580862053,0.18436750667344595,0.31086712417090434,0.30842777425636897,0.05890184053918145,0.1863754698638931,0.07348792851679144,0.3133272888340766,0.29001780996474796,0.21315471103388126
0.2672180377710199,0.31126589441529867,0.18077570416470118,-0.025852154122798697,0.3551265124889036,0.3327659056566672,0.13708550984972762,0.34432621495655585,0.3551265124889036,-0.07151690392214606,0.3164497026682067,0.15911824296911437,0.18188148614729094,0.24506446848535784,0.03137802091435912,0.03914280234071612,0.33738282224951077,0.1992170900451863,0.36034129758798406,0.3656542205485398,-0.0009351737262771011,0.18688169435222193,-0.0180361886108229,0.3551265124889036,0.2158232577546532,0.3791289888197553
0.21019707423047929,0.23362476888172437,0.16110719304714666,0.17122291748198903,0.28061370977237876,0.293652130154722,0.169621947419536,0.2759494468597453,0.2759494468597453,0.2655190926662015,0.06746428777039823,-0.03340800746626001,0.03703002875557716,0.1750068338373337,0.0767227406259386,0.28061370977237876,0.20666716731270596,0.15778188418922573,0.27827216242899955,0.2668385243404035,0.05122384769795791,0.11736320859141917,0.0005918275607667819,0.2759494468597453,0.2975700888661398,0.2853550619089782
0.219122335443003,0.3393034827583199,0.3543461794137476,0.16846613192753443,0.3579575482986771,0.15329679275138328,0.1901612763110688,0.30628741651945285,0.3404430273464283,0.04973403723700819,0.0517576411154102,-0.06690829620042696,0.00722583663127048,0.20050688980909487,-0.2792249707081863,0.14611051285616872,0.33820743941769743,0.1750534116915143,0.351981503722144,0.24337778447254377,0.023974270066053325,0.15256973322405512,-0.019059789580325868,0.35288843442718926,0.1508491819307359,0.1605020878877719
0.2248916073024739,0.06468980559039615,0.1386750490563073,0.13332016655965453,0.3608944165570497,0.3691257747206641,0.17706311204167002,0.3691257747206641,0.34966753742690593,0.12110233274530062,0.17541970283427816,0.07215029750320202,0.025559235877170842,0.2594751736272668,0.15546701496814672,0.0808735209995326,0.33655828683254785,0.12110112128814614,0.34811376823909795,0.08559209850218258,-0.020115690004350564,0.17440554785664783,-0.015837735543084392,0.34811376823909795,0.16405025335578413,0.3650805053662023
0.1629663682721635,0.1905345708721557,0.3091594871310447,0.25950315562480175,0.2915534057687493,0.22844818937357173,0.20441128463966543,0.22572204651717653,0.277265624107184,0.1689563710537963,0.05601102196560832,0.05318786092195285,0.056401751007385266,0.27482354177686397,0.16768354014175924,0.19255925160954607,0.23998495224811245,0.11163700675001406,0.3143982419921508,0.051859985830891575,0.03884269426906345,0.14727960234617402,-0.023264985984564567,0.3014805422877286,0.3091594871310447,0.07252306342594782
0.19336284131108009,0.1463283512067774,0.08672397467202236,0.11922808842515725,0.3119734824074929,0.20810949007358429,0.14960419977858969,0.2895692136740384,0.3361975894351317,0.17446575474154646,0.005364369567341589,0.005364369567341589,0.10734640313343684,0.20283523637839204,0.025163664096258045,-0.03951446104369439,0.31430738675006425,0.09818304367647436,0.3412985836660644,0.12859820129240254,-0.011414668350035599,0.17438320038933233,-0.023547095238651637,0.3464942717375119,0.3438843197605387,0.0887919235435557
0.3178487272375595,0.1693194817468569,0.4395458156668986,0.25308680421066243,0.395935599713244,0.4212160240949042,0.32742257415055037,0.44273082585749735,0.38543745079559527,0.13579558425097293,0.021003772193229506,0.10069882904598923,0.19562109339816575,0.2574240253812864,-0.021003772193229506,0.2287610195415903,0.31349463112788994,0.2805140032468801,0.44273082585749735,0.4525277646639579,0.046575164373036666,0.2713144556127245,0.016561824049045794,0.3516412045526849,0.30997642025962324,0.23006807634214144
0.19087210421321713,-0.04505094295368663,0.1197773784369052,0.1573138964734332,0.21950466432435042,0.12578925049145945,0.14068084314375942,0.20188755549162146,0.22286615778071298,-0.04542477498167305,-0.030087005135542393,-0.030087005135542393,0.18914350225272444,0.20205928189491948,0.20498939927073956,0.16485271533317497,0.20972291503208942,0.19571403889128486,0.2059533503118883,0.18987286194618516,-0.0010241057708676535,0.19405324330127502,-0.021273233938877364,0.21488062545846387,0.06796883045803141,0.235074522502496
0.2385615890634415,0.1928221748884554,0.30104745678493705,0.2152127750337423,0.3033499342929884,0.3151526038555896,0.15834331035195437,0.248558411999695,0.2832575408288663,0.23373000303888794,0.05658211152200394,0.05658211152200394,0.15221235177140305,0.25990437969842856,0.2603854493321399,0.3056712008874824,0.22944777194844826,0.20124914943911973,0.2876052060904688,0.2789718008861168,-0.05346808524981291,0.20362481070499816,0.039600668069018,0.29649726271592786,0.3154851566073229,-0.03587537571826808
0.1168248654974955,0.06282002736671055,-0.015780335906344867,0.11217297333830382,0.2990284090483535,0.06720253661485741,0.19006686587284044,0.29391889713938973,0.3068714853478542,0.0778396486756568,0.11734999925977821,0.30423250860550444,-0.03944405173965775,0.20701966780270625,-0.017316900763752186,0.2128318063200475,0.12749713982539035,0.08506645116526335,0.2888995358718617,-0.03182693084354832,-0.038846121001513835,0.09927075669187536,-0.04987374968540574,0.2913982154548102,-0.009644524498044945,0.18027775918364095
