-1.424317617866004693e-01,nan,nan,nan,-1.637717121588089242e-01,-6.650124069478909050e-02,-1.622828784119106360e-01,nan,nan,nan,-1.200992555831265490e-01,-1.488833746898263199e-01,nan,nan,-5.955334987593048635e-02,-1.637717121588089242e-01,nan,nan,nan,-1.354838709677419206e-01,-1.866004962779156118e-01,nan,nan,nan,nan,nan,nan,nan,nan,-3.573200992555830569e-02,nan,nan,nan,nan,-1.364764267990074553e-01,-1.131513647642679865e-01,nan,-5.012406947890817033e-02,-9.875930521091813574e-02,-1.310173697270471393e-01,-6.302729528535980230e-02,-6.600496277915632315e-02,nan,-1.885856079404466534e-01,-6.947890818858559747e-02,nan,nan,-1.389578163771712227e-01,nan,nan,-6.550868486352356967e-02,nan,-6.600496277915629539e-02,-7.791563275434243430e-02,nan,nan,nan,nan,nan,nan,-3.920595533498760776e-02,0.000000000000000000e+00,-1.538461538461538547e-02,nan,-3.622828784119105222e-02
6.487804878048783475e-02,nan,nan,nan,-9.756097560975618421e-04,3.073170731707321884e-02,-4.878048780487809211e-04,nan,nan,nan,1.463414634146342763e-02,-7.804878048780450502e-03,nan,nan,-3.365853658536581416e-02,1.414634146341464671e-02,nan,nan,nan,1.609756097560977040e-02,7.170731707317076764e-02,nan,nan,nan,nan,nan,nan,nan,nan,8.634146341463419527e-02,nan,nan,nan,nan,-1.170731707317069700e-02,nan,nan,1.517073170731707832e-01,1.043902439024390755e-01,1.658536585365855132e-02,8.292682926829298209e-03,6.829268292682977130e-03,nan,7.219512195121954856e-02,nan,nan,nan,5.512195121951224408e-02,nan,nan,0.000000000000000000e+00,nan,2.292682926829274839e-02,0.000000000000000000e+00,nan,nan,nan,nan,nan,nan,5.170731707317077763e-02,-2.439024390243904605e-03,1.341463414634146978e-01,nan,8.439024390243907159e-02
4.607843137254902244e-02,nan,nan,nan,4.901960784313730626e-03,1.470588235294112422e-03,9.313725490196067894e-03,nan,nan,nan,5.882352941176472241e-03,1.960784313725505348e-03,nan,nan,1.715686274509806847e-02,1.127450980392157368e-02,nan,nan,nan,1.372549019607842771e-02,1.813725490196076498e-02,nan,nan,nan,nan,nan,nan,nan,nan,2.450980392156865140e-02,nan,nan,nan,nan,5.784313725490199815e-02,nan,nan,9.215686274509807263e-02,4.313725490196081841e-02,1.078431372549020287e-02,8.088235294117648855e-02,7.843137254901955471e-03,nan,4.803921568627454036e-02,nan,nan,nan,6.813725490196079204e-02,nan,nan,0.000000000000000000e+00,nan,3.235294117647058432e-02,0.000000000000000000e+00,nan,nan,nan,nan,4.901960784313708075e-04,nan,5.441176470588234698e-02,0.000000000000000000e+00,5.686274509803925653e-02,nan,3.970588235294118806e-02
-2.372881355932202757e-02,nan,nan,nan,-1.414043583535108950e-01,-6.779661016949151131e-02,-4.406779661016948374e-02,nan,nan,nan,-8.474576271186440302e-02,-1.181598062953995026e-01,nan,nan,-9.055690072639223376e-02,-4.213075060532688043e-02,nan,nan,nan,-1.302663438256658479e-01,-3.583535108958836590e-02,nan,nan,nan,nan,nan,nan,nan,nan,-1.031476997578692351e-01,nan,nan,nan,nan,-6.924939467312349328e-02,nan,nan,-3.341404358353509962e-02,-8.813559322033896748e-02,-1.176755447941888466e-01,-3.922518159806294424e-02,-1.104116222760290478e-01,nan,-9.346246973365615607e-02,-2.324455205811137848e-02,nan,nan,-1.985472154963678973e-02,nan,nan,nan,nan,-8.571428571428570120e-02,0.000000000000000000e+00,nan,nan,nan,nan,-8.329297820823243492e-02,nan,-3.438256658595638393e-02,0.000000000000000000e+00,-1.167070217917675345e-01,nan,-9.733656174334139044e-02
-1.515151515151513849e-03,nan,nan,nan,2.525252525252530238e-03,0.000000000000000000e+00,-7.373737373737374035e-02,nan,nan,nan,-5.050505050504972438e-04,1.969696969696970237e-02,nan,nan,-6.616161616161612968e-02,-7.121212121212119883e-02,nan,nan,nan,2.929292929292932543e-02,-2.626262626262623051e-02,nan,nan,nan,nan,nan,nan,nan,nan,-1.010101010101007758e-02,nan,nan,nan,nan,-3.636363636363635493e-02,nan,nan,-1.868686868686869618e-02,-1.085858585858585634e-01,0.000000000000000000e+00,-1.055555555555555552e-01,-2.676767676767675269e-02,nan,-1.247474747474747458e-01,-1.393939393939393756e-01,nan,nan,-7.828282828282828731e-02,nan,nan,0.000000000000000000e+00,nan,-4.292929292929291429e-02,-3.787878787878786596e-02,nan,nan,nan,nan,nan,nan,-7.070707070707072002e-03,nan,3.535353535353537302e-02,nan,1.515151515151513849e-03
1.435406698564611937e-03,nan,nan,nan,1.052631578947369438e-02,8.612440191387561034e-03,0.000000000000000000e+00,nan,nan,nan,-2.679425837320572462e-02,-3.157894736842103978e-02,nan,nan,-1.722488038277512207e-02,5.741626794258380961e-03,nan,nan,nan,-5.741626794258358410e-03,-3.062200956937797397e-02,nan,nan,nan,nan,nan,nan,nan,nan,4.641148325358850080e-02,nan,nan,nan,nan,4.976076555023924153e-02,-2.248803827751195625e-02,nan,3.349282296650719914e-02,1.244019138755980691e-02,-6.698564593301425951e-03,5.550239234449762943e-02,-4.306220095693778088e-02,nan,-7.751196172248804583e-02,-9.569377990430672160e-04,nan,nan,-3.157894736842103978e-02,nan,nan,0.000000000000000000e+00,nan,-1.961722488038277618e-02,1.052631578947369438e-02,nan,nan,nan,nan,0.000000000000000000e+00,nan,-3.444976076555024413e-02,0.000000000000000000e+00,4.354066985645933807e-02,nan,-1.626794258373204238e-02
9.900990099009899376e-03,nan,nan,nan,1.089108910891089035e-02,-4.455445544554455239e-02,1.287128712871287231e-02,nan,nan,nan,nan,-1.534653465346533761e-02,nan,nan,nan,2.079207920792078973e-02,nan,nan,nan,6.683168316831683553e-02,2.722772277227723109e-02,nan,nan,nan,nan,nan,nan,nan,nan,9.603960396039606939e-02,nan,nan,nan,nan,1.336633663366336780e-02,2.376237623762376266e-02,nan,4.455445544554470678e-03,-3.069306930693069951e-02,-9.900990099009909784e-04,-1.138613861386137370e-02,-2.623762376237621582e-02,nan,2.970297029702984211e-03,1.881188118811882859e-02,nan,nan,6.534653465346534906e-02,nan,nan,5.346534653465347120e-02,nan,-1.089108910891084525e-02,4.009900990099009993e-02,nan,nan,nan,nan,2.673267326732673560e-02,nan,-5.792079207920793060e-02,0.000000000000000000e+00,-4.752475247524749757e-02,nan,-4.455445544554459403e-03
-4.807692307692290612e-04,nan,nan,nan,-6.730769230769229408e-03,2.403846153846145306e-03,0.000000000000000000e+00,nan,nan,nan,2.884615384615374367e-03,-2.644230769230770939e-02,nan,nan,nan,-5.288461538461542225e-03,nan,nan,nan,-2.403846153846167424e-03,8.173076923076894040e-03,nan,nan,nan,nan,nan,nan,nan,nan,1.923076923076894127e-03,nan,nan,nan,nan,-3.846153846153854607e-03,nan,nan,6.730769230769218132e-03,-3.798076923076924849e-02,-4.134615384615385192e-02,-5.769230769230771286e-03,5.721153846153844563e-02,nan,-4.086538461538460204e-02,-1.346153846153850218e-02,nan,nan,2.980769230769227812e-02,nan,nan,0.000000000000000000e+00,nan,-3.269230769230768718e-02,0.000000000000000000e+00,nan,nan,nan,nan,nan,nan,-5.673076923076925127e-02,nan,-1.538461538461539588e-02,nan,-5.528846153846154327e-02
-1.365853658536586579e-02,nan,nan,nan,1.658536585365853050e-02,-2.292682926829270329e-02,-6.341463414634163250e-03,nan,nan,nan,-3.414634146341477723e-03,-3.121951219512195813e-02,nan,nan,-2.390243902439028595e-02,9.756097560975507833e-04,nan,nan,nan,1.658536585365853050e-02,-9.756097560975628830e-03,nan,nan,nan,nan,nan,nan,nan,nan,-4.878048780487831762e-03,nan,nan,nan,nan,-6.000000000000005329e-02,nan,nan,-4.390243902439028290e-02,-3.463414634146343152e-02,-1.463414634146342763e-03,-5.560975609756102500e-02,-9.707317073170734778e-02,nan,-9.853658536585367667e-02,-9.121951219512196285e-02,nan,nan,-4.585365853658540658e-02,nan,nan,8.292682926829265250e-03,nan,6.146341463414632666e-02,8.292682926829265250e-03,nan,nan,nan,nan,nan,nan,-8.195121951219515311e-02,0.000000000000000000e+00,-1.087804878048780621e-01,nan,-5.951219512195123074e-02
-7.529411764705873020e-03,nan,nan,nan,1.694117647058822687e-02,3.952941176470585460e-02,7.529411764705873020e-03,nan,nan,nan,2.352941176470587509e-02,2.823529411764691324e-03,nan,nan,2.164705882352940813e-02,-6.117647058823516733e-03,nan,nan,nan,1.552941176470586972e-02,5.647058823529405198e-03,nan,nan,nan,nan,nan,nan,nan,nan,8.941176470588230174e-03,nan,nan,nan,nan,2.823529411764703553e-02,nan,nan,1.129411764705879825e-02,5.176470588235271113e-03,5.647058823529382647e-03,-2.220446049250313204e-17,1.082352941176467631e-02,nan,1.788235294117646035e-02,-1.694117647058823728e-02,nan,4.282352941176469086e-02,1.035294117647059774e-02,nan,nan,1.882352941176446137e-03,nan,-7.058823529411761485e-03,2.352941176470579789e-03,nan,nan,nan,nan,4.705882352941115343e-04,nan,-2.823529411764707023e-02,nan,-6.211764705882354132e-02,nan,5.882352941176467731e-02
2.403846153846145306e-03,nan,nan,nan,4.423076923076922629e-02,1.298076923076922976e-02,0.000000000000000000e+00,nan,nan,nan,9.615384615384581224e-04,4.230769230769231004e-02,nan,nan,1.350961538461538380e-01,-1.442307692307687184e-03,nan,nan,nan,5.144230769230768996e-02,7.067307692307692180e-02,nan,nan,nan,nan,nan,nan,nan,nan,8.365384615384612033e-02,nan,nan,nan,nan,1.019230769230768663e-01,nan,nan,1.745192307692307598e-01,1.254807692307692013e-01,4.519230769230766359e-02,1.408653846153845868e-01,6.105769230769229200e-02,nan,nan,7.596153846153844147e-02,nan,nan,1.153846153846153494e-01,nan,nan,4.807692307692290612e-04,nan,1.605769230769230616e-01,0.000000000000000000e+00,nan,nan,nan,nan,0.000000000000000000e+00,nan,8.365384615384612033e-02,0.000000000000000000e+00,1.110576923076922740e-01,nan,4.519230769230766359e-02
5.896805896805900997e-03,nan,nan,nan,4.422604422604425531e-03,3.931203931203941515e-03,-4.373464373464373139e-02,nan,nan,nan,0.000000000000000000e+00,9.926289926289924570e-02,nan,nan,4.226044226044227414e-02,-2.260442260442259085e-02,nan,nan,nan,3.341523341523342655e-02,1.474201474201473037e-02,nan,nan,nan,nan,nan,nan,nan,nan,2.800982800982800697e-02,nan,nan,nan,nan,3.685503685503688232e-02,-7.371007371007376463e-03,nan,4.471744471744469596e-02,6.388206388206374604e-03,5.405405405405416981e-03,-1.670761670761671328e-02,5.896805896805889721e-03,nan,-4.226044226044226720e-02,-5.208845208845210017e-02,nan,nan,2.211302211302210857e-02,nan,nan,3.931203931203941515e-03,nan,6.633906633906631878e-02,0.000000000000000000e+00,nan,nan,nan,nan,nan,nan,-1.277641277641277176e-02,0.000000000000000000e+00,4.914004914004843410e-04,nan,-7.567567567567565212e-02
3.571428571428580858e-03,nan,nan,nan,5.102040816326702376e-04,-2.397959183673470385e-02,-5.102040816326481199e-04,nan,nan,nan,2.220446049250313204e-17,-8.571428571428571508e-02,nan,nan,nan,0.000000000000000000e+00,nan,nan,nan,6.530612244897958385e-02,-8.673469387755084609e-03,nan,nan,nan,nan,nan,nan,nan,nan,1.887755102040817798e-02,nan,nan,nan,nan,-7.653061224489787935e-03,3.010204081632652379e-02,nan,3.775510204081632126e-02,-2.602040816326530587e-02,-2.551020408163262587e-02,-3.571428571428558740e-03,8.163265306122480941e-03,nan,-2.295918367346938549e-02,-1.581632653061223331e-02,nan,4.948979591836736441e-02,-1.224489795918365376e-02,nan,nan,-5.102040816326481199e-04,nan,-7.653061224489799211e-03,0.000000000000000000e+00,nan,nan,nan,nan,-1.020408163265296240e-03,nan,-4.846938775510201136e-02,0.000000000000000000e+00,1.530612244897955419e-03,nan,-2.704081632653056871e-02
-5.933503836317135377e-02,nan,nan,nan,-1.125319693094628537e-02,-5.268542199488490674e-02,-7.672634271099742706e-03,nan,nan,nan,-3.273657289002555870e-02,-4.040920716112531702e-02,nan,nan,-4.808184143222506146e-02,0.000000000000000000e+00,nan,nan,nan,-1.483375959079283844e-02,-1.483375959079282803e-02,nan,nan,nan,nan,nan,nan,nan,nan,-3.734015345268539704e-02,nan,nan,nan,nan,-5.728900255754474508e-02,nan,nan,-6.138107416879793471e-02,-9.104859335038360812e-02,-2.659846547314577078e-02,-1.017902813299232517e-01,-4.040920716112530314e-02,nan,-1.667519181585677690e-01,-7.314578005115088266e-02,nan,-1.989769820971866721e-01,-2.209718670076726288e-01,nan,nan,0.000000000000000000e+00,nan,-7.723785166240408617e-02,0.000000000000000000e+00,nan,nan,nan,nan,nan,nan,-1.447570332480818123e-01,0.000000000000000000e+00,-1.335038363171355269e-01,nan,-2.127877237851662218e-01
2.372881355932201369e-02,nan,nan,nan,6.295399515738498049e-03,4.891041162227600936e-02,1.404358353510895031e-02,nan,nan,nan,7.748184019370385478e-03,2.469733656174333269e-02,nan,nan,7.457627118644065412e-02,3.874092009685204015e-03,nan,nan,nan,6.295399515738498049e-03,1.404358353510892776e-02,nan,nan,nan,nan,nan,nan,nan,nan,3.777239709443094146e-02,nan,nan,nan,nan,5.617433414043582207e-02,nan,nan,9.007263922518157773e-02,7.409200968522997033e-02,3.970944309927356558e-02,nan,9.733656174334136268e-02,nan,7.263922518159771080e-03,4.552058111380141714e-02,nan,nan,nan,nan,nan,0.000000000000000000e+00,nan,3.099273607748180906e-02,0.000000000000000000e+00,nan,nan,nan,nan,nan,nan,1.535108958837772264e-01,0.000000000000000000e+00,5.423728813559317713e-02,nan,2.227602905569003866e-02
7.990314769975787046e-02,nan,nan,nan,-1.937046004842615105e-02,6.537530266343827279e-02,-7.748184019370452265e-03,nan,nan,nan,1.452784503631954216e-03,2.130750605326878905e-02,nan,nan,2.953995157384989995e-02,1.452784503631976334e-03,nan,nan,nan,1.937046004842615105e-02,4.648910411622277083e-02,nan,nan,nan,nan,nan,nan,nan,nan,2.566585956416468292e-02,nan,nan,nan,nan,1.888619854721550542e-02,1.452784503631963063e-02,nan,4.794188861985474587e-02,8.232445520581133450e-03,1.888619854721550542e-02,2.227602905569010458e-02,3.631961259079905663e-02,nan,-8.280871670702179277e-02,8.716707021791803359e-03,nan,nan,1.791767554479421071e-02,nan,nan,1.888619854721550542e-02,nan,4.842615012106565517e-03,0.000000000000000000e+00,nan,nan,nan,nan,nan,nan,5.375302663438258355e-02,0.000000000000000000e+00,-6.198547215496363894e-02,nan,5.230024213075062933e-02
1.116504854368931612e-02,nan,nan,nan,0.000000000000000000e+00,0.000000000000000000e+00,2.427184466019416398e-03,nan,nan,nan,1.456310679611649882e-03,3.980582524271843170e-02,nan,nan,3.640776699029124597e-02,2.912621359223299764e-03,nan,nan,nan,4.077669902912619410e-02,1.893203883495144652e-02,nan,nan,nan,nan,nan,nan,nan,nan,4.029126213592230943e-02,nan,nan,nan,nan,8.883495145631063739e-02,nan,nan,8.834951456310675966e-02,3.932038834951454703e-02,2.233009708737863225e-02,nan,5.728155339805822421e-02,nan,6.601941747572812047e-02,2.815533980582523091e-02,nan,nan,3.106796116504852850e-02,nan,nan,4.854368932038832579e-04,nan,1.747572815533979945e-02,1.504854368932038132e-02,nan,nan,nan,nan,nan,nan,-1.165048543689322161e-02,0.000000000000000000e+00,6.407766990291258180e-02,nan,3.009708737864076264e-02
5.792079207920793754e-02,nan,nan,nan,-8.415841584158400765e-03,-2.475247524752433211e-03,6.930693069306959400e-03,nan,nan,nan,2.722772277227725191e-02,-2.425742574257420264e-02,nan,nan,nan,4.950495049504954892e-04,nan,nan,nan,1.138613861386144135e-02,-1.633663366336630604e-02,nan,nan,nan,nan,nan,nan,nan,nan,8.316831683168321443e-02,nan,nan,nan,nan,-4.108910891089108397e-02,nan,nan,2.079207920792082095e-02,-9.900990099009465261e-04,2.376237623762380430e-02,-1.782178217821777169e-02,-4.603960396039601111e-02,nan,-4.653465346534650660e-02,-2.970297029702972935e-03,nan,nan,7.920792079207950379e-03,nan,nan,0.000000000000000000e+00,nan,-4.900990099009899792e-02,0.000000000000000000e+00,nan,nan,nan,nan,4.950495049504954892e-04,nan,-1.039603960396036017e-02,0.000000000000000000e+00,-7.425742574257409787e-03,nan,-3.960396039603941362e-03
-6.867749419953596279e-02,nan,nan,nan,-1.610208816705336887e-01,-2.301624129930393836e-01,-5.336426914153132722e-02,nan,nan,nan,nan,-9.095127610208816882e-02,nan,nan,-1.187935034802784229e-01,-1.633410672853828627e-01,nan,nan,nan,-1.921113689095127752e-01,-2.041763341067285575e-01,nan,nan,nan,nan,nan,nan,nan,nan,-1.095127610208816993e-01,nan,nan,nan,nan,-1.647331786542923504e-01,nan,nan,-1.772621809744779620e-01,-1.828306264501159961e-01,-1.600928074245939747e-01,-1.132250580046403748e-01,-1.944315545243619492e-01,nan,-3.935034802784223018e-01,-3.559164733178654116e-01,nan,nan,-1.837587006960557101e-01,nan,nan,-2.120649651972157934e-01,nan,-2.037122969837586728e-01,0.000000000000000000e+00,nan,nan,nan,nan,-1.596287703016241455e-01,nan,-1.489559164733178509e-01,-1.067285382830626544e-01,-1.276102088167053172e-01,nan,-2.064965197215777315e-01
nan,nan,nan,nan,-4.819277108433750109e-03,-1.108433734939759940e-01,-2.265060240963856497e-02,nan,nan,nan,-4.337349397590384119e-03,-1.402409638554216742e-01,nan,nan,-2.795180722891570449e-02,-2.216867469879519811e-02,nan,nan,nan,-6.698795180722898202e-02,-5.301204819277114538e-02,nan,nan,nan,nan,nan,nan,nan,nan,-8.867469879518077858e-02,nan,nan,nan,nan,-8.915662650602415584e-02,nan,nan,-1.012048192771091218e-02,-6.939759036144581283e-02,-5.012048192771088179e-02,-3.566265060240965401e-02,-1.084337349397590938e-01,nan,-1.098795180722891979e-01,-5.204819277108439085e-02,nan,nan,-5.445783132530125636e-02,nan,nan,-2.216867469879519811e-02,nan,-5.493975903614463363e-02,-2.650602409638556228e-02,nan,nan,nan,nan,nan,nan,-2.265060240963858579e-02,0.000000000000000000e+00,-3.518072289156633226e-02,nan,-1.122891566265060703e-01
-1.906976744186041767e-02,nan,nan,nan,2.325581395348863632e-03,-4.093023255813952460e-02,-1.162790697674414078e-02,nan,nan,nan,-1.395348837209300398e-02,3.720930232558150585e-03,nan,nan,1.255813953488373914e-02,-7.906976744186011014e-03,nan,nan,nan,5.395348837209303777e-02,1.162790697674422925e-02,nan,nan,nan,nan,nan,nan,nan,nan,-1.627906976744182208e-02,nan,nan,nan,nan,-4.651162790697671578e-02,3.720930232558172703e-03,nan,4.186046511627961042e-03,-2.325581395348832320e-02,-6.976744186046505980e-02,2.883720930232560459e-02,4.837209302325584659e-02,nan,-1.348837209302320393e-02,-3.720930232558106350e-03,nan,nan,1.860465116279073211e-02,nan,nan,-1.348837209302324903e-02,nan,2.093023255813959357e-02,4.651162790697771715e-04,nan,nan,nan,nan,2.325581395348885749e-03,nan,5.534883720930237200e-02,4.651162790697771715e-04,1.293023255813953720e-01,nan,2.325581395348839259e-02
-3.827751196172246746e-03,nan,nan,nan,-9.569377990430672160e-04,-2.392344497607612475e-03,-3.827751196172246746e-03,nan,nan,nan,0.000000000000000000e+00,2.535885167464115714e-02,nan,nan,2.679425837320574891e-02,4.784688995215447211e-04,nan,nan,nan,5.980861244019142209e-02,5.167464114832537314e-02,nan,nan,nan,nan,nan,nan,nan,nan,4.784688995215313420e-03,nan,nan,nan,nan,0.000000000000000000e+00,-4.306220095693746690e-03,nan,3.923444976076554541e-02,5.119617224880386452e-02,-1.913875598086134432e-03,2.966507177033493939e-02,1.913875598086156550e-03,nan,7.655502392344537728e-03,-4.306220095693746690e-03,nan,nan,1.913875598086112097e-03,nan,nan,0.000000000000000000e+00,nan,2.440191387559810174e-02,9.569377990430672160e-04,nan,nan,nan,nan,nan,nan,6.411483253588520781e-02,0.000000000000000000e+00,1.531100478468900780e-02,nan,-1.387559808612439695e-02
2.843601895734604399e-03,nan,nan,nan,-1.042654028436018621e-02,-2.938388625592416176e-02,1.990521327014218439e-02,nan,nan,nan,2.227488151658767526e-02,-2.843601895734597720e-02,nan,nan,-1.895734597156395473e-02,4.739336492891155325e-04,nan,nan,nan,6.682464454976302926e-02,-2.180094786729856043e-02,nan,nan,nan,nan,nan,nan,nan,nan,3.791469194312801962e-03,nan,nan,nan,nan,5.213270142180093103e-02,nan,nan,2.227488151658769608e-02,-8.530805687203791079e-03,2.843601895734582281e-03,-7.582938388625582241e-03,-3.744075829383883974e-02,nan,-9.004739336492895499e-03,nan,nan,nan,-5.213270142180070552e-03,nan,nan,0.000000000000000000e+00,nan,-3.507109004739335234e-02,2.227488151658767526e-02,nan,nan,nan,nan,nan,nan,-3.696682464454973532e-02,4.454976303317535052e-02,2.369668246445510822e-03,nan,-1.848341232227486072e-02
2.878048780487805353e-02,nan,nan,nan,0.000000000000000000e+00,1.453658536585365757e-01,7.756097560975609706e-02,nan,nan,nan,0.000000000000000000e+00,9.512195121951219634e-02,nan,nan,6.829268292682925956e-02,0.000000000000000000e+00,nan,nan,nan,2.439024390243904605e-03,4.439024390243902218e-02,nan,nan,nan,nan,nan,nan,nan,nan,8.146341463414634443e-02,nan,nan,nan,nan,5.219512195121951692e-02,nan,nan,1.214634146341463383e-01,1.185365853658536806e-01,-7.804878048780494737e-03,1.024390243902437679e-02,3.512195121951220550e-02,nan,2.780487804878049168e-02,9.658536585365853910e-02,nan,nan,1.278048780487804903e-01,nan,nan,2.487804878048780616e-02,nan,9.170731707317074377e-02,2.487804878048780616e-02,nan,nan,nan,nan,1.756097560975609234e-02,nan,1.317073170731707377e-01,0.000000000000000000e+00,5.268292682926832560e-02,nan,1.112195121951219667e-01
-3.373493975903607469e-03,nan,nan,nan,2.795180722891566980e-02,0.000000000000000000e+00,1.975903614457830137e-02,nan,nan,nan,1.301204819277108557e-02,-1.465060240963855231e-01,nan,nan,3.373493975903585351e-03,-2.409638554216875055e-03,nan,nan,nan,1.012048192771084452e-02,1.156626506024096591e-02,nan,nan,nan,nan,nan,nan,nan,nan,5.783132530120460406e-03,nan,nan,nan,nan,3.084337349397591257e-02,nan,nan,6.698795180722894038e-02,6.795180722891566716e-02,9.638554216867545321e-04,1.204819277108435359e-02,7.228915662650603480e-02,nan,6.795180722891568104e-02,2.168674698795183126e-02,nan,nan,8.530120481927713771e-02,nan,nan,-4.819277108433661530e-04,nan,8.867469879518075082e-02,0.000000000000000000e+00,nan,nan,nan,nan,-9.638554216867323060e-04,nan,1.209638554216867501e-01,0.000000000000000000e+00,3.084337349397588829e-02,nan,6.361445783132532727e-02
6.603773584905670187e-03,nan,nan,nan,-1.320754716981129527e-02,-1.509433962264150608e-02,-8.490566037735857580e-03,nan,nan,nan,-9.386792452830190758e-02,-1.603773584905661062e-02,nan,nan,-2.877358490566039873e-02,-2.830188679245293666e-03,nan,nan,nan,-1.320754716981129527e-02,-2.264150943396225912e-02,nan,nan,nan,nan,nan,nan,nan,nan,-2.830188679245282390e-03,nan,nan,nan,nan,1.415094339622635644e-02,nan,nan,5.660377358490553505e-03,-9.905660377358493571e-03,-4.716981132075525945e-04,-3.349056603773583468e-02,2.547169811320753111e-02,nan,-1.235849056603773588e-01,nan,nan,nan,1.320754716981131782e-02,nan,nan,-3.301886792452823818e-03,nan,-5.283018867924529210e-02,-3.301886792452823818e-03,nan,nan,nan,nan,nan,nan,-5.330188679245284611e-02,0.000000000000000000e+00,6.792452830188679125e-02,nan,-1.745283018867924835e-02
1.985472154963674463e-02,nan,nan,nan,7.263922518159793631e-03,1.685230024213074662e-01,8.716707021791770399e-03,nan,nan,nan,nan,2.048426150121064881e-01,nan,nan,5.569007263922517298e-02,6.779661016949134131e-03,nan,nan,nan,8.716707021791770399e-03,2.276029055690069816e-02,nan,nan,nan,nan,nan,nan,nan,nan,3.874092009685226046e-02,nan,nan,nan,nan,6.731234866828081365e-02,4.842615012106521281e-03,nan,2.566585956416462741e-02,-4.116222760290559612e-02,4.358353510895885199e-03,6.973365617433410768e-02,4.213075060532689431e-02,nan,4.019370460048423549e-02,1.985472154963676544e-02,nan,2.033898305084742494e-02,4.261501210653748789e-02,nan,nan,7.748184019370452265e-03,nan,3.825665859564162524e-02,0.000000000000000000e+00,nan,nan,nan,nan,4.842615012106366240e-04,nan,1.452784503631958726e-02,0.000000000000000000e+00,1.753026634382566229e-01,nan,1.133171912832929423e-01
1.070559610705595910e-02,nan,nan,nan,0.000000000000000000e+00,1.119221411192213890e-02,7.785888077858882025e-03,nan,nan,nan,1.459854014598538320e-03,-3.406326034063258262e-02,nan,nan,6.326034063260321805e-03,-9.732360097323589521e-04,nan,nan,nan,9.732360097323589521e-04,-7.299270072992714367e-03,nan,nan,nan,nan,nan,nan,nan,nan,-9.732360097323589521e-04,nan,nan,nan,nan,0.000000000000000000e+00,nan,nan,1.751824817518248326e-02,-3.114355231143552810e-02,-2.433090024330897272e-03,-1.946472019464721287e-02,-3.309002433090024731e-02,nan,-3.017031630170317197e-02,9.732360097323599496e-03,nan,-3.454987834549878845e-02,-4.768856447688564482e-02,nan,nan,0.000000000000000000e+00,nan,-6.812652068126520688e-02,0.000000000000000000e+00,nan,nan,nan,nan,nan,nan,-5.498783454987835745e-02,0.000000000000000000e+00,-2.627737226277372315e-02,nan,-4.233576642335769302e-02
-1.214953271028038594e-02,nan,nan,nan,-6.542056074766366795e-03,-2.102803738317760018e-02,1.869158878504673191e-03,nan,nan,nan,-2.056074766355142636e-02,-3.738317757009346209e-02,nan,nan,-1.542056074766355936e-02,-6.542056074766366795e-03,nan,nan,nan,-3.271028037383183484e-02,-3.037383177570094489e-02,nan,nan,nan,nan,nan,nan,nan,nan,-5.700934579439254080e-02,nan,nan,nan,nan,-7.476635514018714450e-03,nan,nan,5.794392523364481906e-02,-4.859813084112152293e-02,-1.542056074766355936e-02,-2.616822429906542208e-02,-5.514018691588791488e-02,nan,-8.224299065420563604e-02,9.345794392523032023e-04,nan,nan,-2.850467289719627040e-02,nan,nan,0.000000000000000000e+00,nan,-5.887850467289723611e-02,-1.401869158878505869e-02,nan,nan,nan,nan,nan,nan,-1.869158878504706368e-03,0.000000000000000000e+00,-2.850467289719629121e-02,nan,-4.299065420560750639e-02
-9.523809523809490191e-04,nan,nan,nan,0.000000000000000000e+00,-1.523809523809525023e-02,9.523809523809490191e-04,nan,nan,nan,nan,4.761904761904633965e-04,nan,nan,-4.761904761904745095e-04,0.000000000000000000e+00,nan,nan,nan,1.428571428571423583e-03,-1.428571428571423583e-03,nan,nan,nan,nan,nan,nan,nan,nan,9.047619047619016169e-03,nan,nan,nan,nan,-2.523809523809528166e-02,nan,nan,2.142857142857138714e-02,-1.380952380952386004e-02,1.428571428571423583e-03,9.523809523809045668e-04,-1.571428571428572576e-02,nan,7.142857142857084521e-03,1.904761904761900076e-02,nan,nan,-2.476190476190478357e-02,nan,nan,-3.047619047619050045e-02,nan,-3.666666666666669461e-02,4.761904761904745095e-04,nan,nan,nan,nan,nan,nan,-3.380952380952385872e-02,0.000000000000000000e+00,-5.666666666666668462e-02,nan,-2.666666666666670654e-02
7.047619047619042842e-02,nan,nan,nan,3.142857142857140296e-02,1.619047619047613365e-02,3.904761904761901853e-02,nan,nan,nan,6.476190476190472889e-02,1.128571428571428503e-01,nan,nan,7.809523809523807869e-02,6.666666666666642808e-03,nan,nan,nan,1.142857142857140948e-02,3.428571428571427354e-02,nan,nan,nan,nan,nan,nan,nan,nan,6.714285714285711526e-02,nan,nan,nan,nan,4.809523809523803817e-02,nan,nan,5.809523809523808868e-02,5.857142857142855208e-02,7.571428571428570620e-02,9.999999999999997780e-02,1.428571428571423496e-02,nan,-1.142857142857145458e-02,4.000000000000000083e-02,nan,4.666666666666663410e-02,8.047619047619045118e-02,nan,nan,2.952380952380951815e-02,nan,9.095238095238092346e-02,1.904761904761897995e-02,nan,nan,nan,nan,2.619047619047618763e-02,nan,1.019047619047619008e-01,nan,4.571428571428567261e-02,nan,2.380952380952375963e-02
3.380281690140842649e-02,nan,nan,nan,4.694835680751174682e-03,4.131455399061032679e-02,-6.572769953051648892e-03,nan,nan,nan,1.408450704225350236e-02,4.694835680751241361e-04,nan,nan,7.042253521126751181e-03,1.877934272300469873e-02,nan,nan,nan,-1.408450704225354747e-02,4.507042253521124919e-02,nan,nan,nan,nan,nan,nan,nan,nan,7.276995305164320194e-02,nan,nan,nan,nan,6.572769953051640912e-02,nan,nan,1.380281690140845174e-01,3.427230046948355480e-02,1.032863849765259731e-02,3.286384976525822538e-02,2.535211267605632507e-02,nan,2.488262910798122451e-02,4.037558685446005630e-02,nan,nan,2.253521126760564888e-02,nan,nan,1.032863849765257649e-02,nan,7.652582159624413127e-02,2.394366197183097483e-02,nan,nan,nan,nan,-3.755868544600926735e-03,nan,3.755868544600939052e-02,-1.079812206572769960e-02,1.103286384976525786e-01,nan,7.793427230046948151e-02
-9.121140142517816796e-02,nan,nan,nan,-4.513064133016626844e-02,-6.033254156769596310e-02,-1.757719714964369601e-02,nan,nan,nan,-1.472684085510689300e-02,-1.002375296912113856e-01,nan,nan,-3.847980997624702443e-02,-2.375296912114010887e-03,nan,nan,nan,-1.947743467933491651e-02,-1.068883610451306365e-01,nan,nan,nan,nan,nan,nan,nan,nan,-6.318289786223275917e-02,nan,nan,nan,nan,3.277909738717340454e-02,-8.931116389548691969e-02,nan,nan,-1.154394299287410941e-01,-7.030878859857481178e-02,-9.358669833729216236e-02,-1.662707838479809963e-02,nan,-6.698337292161518630e-02,-7.125890736342042897e-02,nan,-4.418052256532065819e-02,nan,nan,nan,-4.750593824228044218e-04,nan,nan,-6.270783847980998527e-02,nan,nan,nan,nan,-4.418052256532067901e-02,nan,1.110223024625156602e-17,0.000000000000000000e+00,-6.128266033254155948e-02,nan,-8.076009501187631640e-03
4.245283018867928790e-03,nan,nan,nan,0.000000000000000000e+00,-7.735849056603774643e-02,-4.716981132075525945e-04,nan,nan,nan,-1.415094339622635557e-03,3.018867924528305727e-02,nan,nan,-5.188679245282989960e-03,3.301886792452823818e-03,nan,nan,nan,0.000000000000000000e+00,2.877358490566039873e-02,nan,nan,nan,nan,nan,nan,nan,nan,2.358490566037763081e-03,nan,nan,nan,nan,0.000000000000000000e+00,3.207547169811323512e-02,nan,3.584905660377359776e-02,-1.462264150943393126e-02,2.830188679245271115e-03,4.716981132075493202e-03,-1.037735849056601288e-02,nan,-8.018867924528298718e-02,5.330188679245283223e-02,nan,nan,3.867924528301890097e-02,nan,nan,0.000000000000000000e+00,nan,-3.679245283018868495e-02,-1.415094339622635557e-03,nan,nan,nan,nan,-2.358490566037763081e-03,nan,-3.018867924528299135e-02,-1.415094339622635557e-03,-1.650943396226416462e-02,nan,-7.452830188679242240e-02
1.179487179487179044e-01,nan,nan,nan,0.000000000000000000e+00,8.111888111888108932e-02,1.072261072261071480e-02,nan,nan,nan,1.072261072261069224e-02,-2.331002331002363093e-03,nan,nan,1.202797202797201981e-01,2.144522144522142959e-02,nan,nan,nan,9.696969696969692798e-02,2.097902097902093477e-02,nan,nan,nan,nan,nan,nan,nan,nan,1.100233100233099781e-01,nan,nan,nan,nan,1.529137529137528650e-01,nan,nan,1.813519813519813006e-01,1.505827505827505297e-01,5.034965034965033226e-02,1.990675990675990215e-01,1.076923076923076150e-01,nan,9.696969696969692798e-02,1.421911421911421503e-01,nan,nan,2.331002331002327704e-02,nan,nan,2.051282051282050586e-02,nan,1.603729603729603104e-01,3.216783216783214439e-02,nan,nan,nan,nan,0.000000000000000000e+00,nan,1.613053613053612723e-01,0.000000000000000000e+00,1.641025641025640469e-01,nan,1.305361305361305013e-01
-9.708737864077665158e-04,nan,nan,nan,4.514563106796119080e-02,3.106796116504857361e-02,3.495145631067966135e-02,nan,nan,nan,-3.980582524271840394e-02,2.427184466019460633e-03,nan,nan,4.126213592233014815e-02,-2.281553398058249263e-02,nan,nan,nan,1.296116504854369356e-01,-1.650485436893198848e-02,nan,nan,nan,nan,nan,nan,nan,nan,7.135922330097092814e-02,nan,nan,nan,nan,4.514563106796119080e-02,5.145631067961171923e-02,nan,7.572815533980589708e-02,5.679611650485442975e-02,2.378640776699032441e-02,6.310679611650490961e-02,1.140776699029126817e-01,nan,1.456310679611716452e-03,6.893203883495151174e-02,nan,nan,1.165048543689320981e-01,nan,nan,0.000000000000000000e+00,nan,5.436893203883501335e-02,2.961165048543690226e-02,nan,nan,nan,nan,nan,nan,7.038834951456315880e-02,0.000000000000000000e+00,1.771844660194175358e-01,nan,-1.359223300970868742e-02
9.682151589242053713e-02,nan,nan,nan,3.814180929095354472e-02,4.254278728606355336e-02,1.158924205378972783e-01,nan,nan,nan,1.168704156479217493e-01,1.960880195599022102e-01,nan,nan,7.530562347188263228e-02,3.814180929095354472e-02,nan,nan,nan,1.144254278728606272e-01,7.432762836185817512e-02,nan,nan,nan,nan,nan,nan,nan,nan,1.061124694376527761e-01,nan,nan,nan,nan,1.330073349633251745e-01,nan,nan,2.200488997555012372e-01,1.427872860635696628e-01,6.210268948655255083e-02,1.872860635696821652e-01,1.305623471882640385e-01,nan,1.667481662591686897e-01,nan,nan,nan,1.183374083129584281e-01,nan,nan,0.000000000000000000e+00,nan,1.775061124694376491e-01,3.814180929095354472e-02,nan,nan,nan,nan,nan,nan,5.867970660146697159e-02,3.814180929095354472e-02,1.506112469437652368e-01,nan,1.599022004889975312e-01
-1.317073170731708487e-02,nan,nan,nan,-6.536585365853660179e-02,1.756097560975609234e-02,9.756097560975618421e-04,nan,nan,nan,-1.073170731707318026e-02,-9.756097560975628830e-03,nan,nan,-1.160975609756097759e-01,0.000000000000000000e+00,nan,nan,nan,-4.341463414634148116e-02,-4.878048780487920341e-04,nan,nan,nan,nan,nan,nan,nan,nan,-4.634146341463416668e-02,nan,nan,nan,nan,-5.999999999999998390e-02,nan,nan,-9.121951219512199061e-02,-7.951219512195122074e-02,0.000000000000000000e+00,-6.926829268292686304e-02,-2.341463414634146339e-02,nan,-8.682926829268296232e-02,-1.512195121951220855e-02,nan,nan,-8.487804878048781088e-02,nan,nan,0.000000000000000000e+00,nan,-3.365853658536586968e-02,0.000000000000000000e+00,nan,nan,nan,nan,nan,nan,-8.341463414634149587e-02,0.000000000000000000e+00,-1.853658536585367500e-02,nan,-1.039024390243902529e-01
1.942168674698795117e-01,nan,nan,nan,4.819277108433732415e-02,7.710843373493972419e-02,3.084337349397587788e-02,nan,nan,nan,1.927710843373464612e-03,1.108433734939755569e-02,nan,nan,3.373493975903613107e-02,4.819277108433661530e-04,nan,nan,nan,2.891566265060240351e-02,1.927710843373464612e-03,nan,nan,nan,nan,nan,nan,nan,nan,7.566265060240962015e-02,nan,nan,nan,nan,1.132530120481927138e-01,nan,nan,7.662650602409637468e-02,1.002409638554216664e-01,-4.337349397590384119e-03,4.530120481927708831e-02,6.457831325301202630e-02,nan,4.048192771084334340e-02,1.074698795180722560e-01,nan,6.216867469879516772e-02,nan,nan,nan,0.000000000000000000e+00,nan,3.807228915662649177e-02,0.000000000000000000e+00,nan,nan,nan,nan,2.457831325301201852e-02,nan,9.542168674698792152e-02,0.000000000000000000e+00,7.132530120481926639e-02,nan,1.383132530120481929e-01
-1.928934010152284426e-02,nan,nan,nan,-7.766497461928933976e-02,-2.639593908629441626e-02,-1.776649746192893176e-02,nan,nan,nan,-4.568527918781717552e-03,-5.786802030456853624e-02,nan,nan,-3.197969543147208965e-02,-3.502538071065990077e-02,nan,nan,nan,-6.598984771573579780e-03,-1.979695431472081740e-02,nan,nan,nan,nan,nan,nan,nan,nan,-1.659898477157360497e-01,nan,nan,nan,nan,-3.401015228426396142e-02,nan,nan,-5.888324873096445478e-02,-1.218274111675126808e-01,-1.116751269035532734e-01,-4.060913705583746140e-03,-6.852791878172589946e-02,nan,-1.543147208121827263e-01,-4.974619289340100059e-02,nan,nan,2.030456852791884346e-03,nan,nan,0.000000000000000000e+00,nan,-8.629441624365474101e-03,0.000000000000000000e+00,nan,nan,nan,nan,nan,nan,-9.746192893401015023e-02,0.000000000000000000e+00,-1.609137055837563390e-01,nan,-7.208121827411162474e-02
2.844036697247705886e-02,nan,nan,nan,2.339449541284401718e-02,2.339449541284401718e-02,2.706422018348617758e-02,nan,nan,nan,-9.633027522935821985e-03,8.715596330275198617e-03,9.174311926605227541e-04,nan,-7.339449541284426629e-03,1.422018348623851382e-02,nan,nan,nan,1.330275229357797892e-02,-1.467889908256883071e-02,nan,nan,nan,nan,nan,nan,nan,nan,-8.256880733944971934e-03,nan,nan,nan,nan,-1.100917431192660612e-02,nan,nan,4.587155963302613770e-04,-9.174311926605515505e-03,-1.238532110091745617e-02,3.532110091743116687e-02,1.100917431192658356e-02,nan,-3.669724770642202039e-02,8.715596330275188208e-03,nan,nan,-4.770642201834866813e-02,nan,nan,4.587155963302613770e-04,nan,nan,0.000000000000000000e+00,nan,nan,nan,nan,0.000000000000000000e+00,nan,4.266055045871557094e-02,0.000000000000000000e+00,2.522935779816509738e-02,nan,1.376146788990773072e-03
2.392344497607623750e-03,nan,nan,nan,-6.555023923444977529e-02,-2.440191387559811215e-02,4.306220095693769241e-03,nan,nan,nan,-3.971291866028710260e-02,-4.784688995215313420e-03,nan,nan,-7.368421052631582424e-02,-4.784688995215557799e-04,nan,nan,nan,-4.784688995215335972e-03,-2.220446049250313204e-17,nan,nan,nan,nan,nan,nan,nan,nan,-5.693779904306221079e-02,nan,nan,nan,nan,-1.722488038277514288e-02,nan,nan,-3.732057416267942074e-02,-8.708133971291866227e-02,-4.784688995215324696e-03,nan,-8.038277511961725019e-02,nan,-1.818181818181818787e-02,-4.736842105263159436e-02,nan,nan,-4.880382775119618266e-02,nan,nan,9.569377990430560487e-04,nan,-2.870813397129188399e-02,-7.177033492823003957e-03,nan,nan,nan,nan,1.435406698564578544e-03,nan,-5.406698564593300643e-02,0.000000000000000000e+00,-3.014354066985648270e-02,nan,-6.315789473684210731e-02
-5.783132530120481396e-02,nan,nan,nan,-9.927710843373493965e-02,1.445783132530117400e-02,-9.734939759036145834e-02,nan,nan,nan,-3.325301204819277462e-02,-4.530120481927708831e-02,nan,nan,-1.108433734939759906e-02,-4.337349397590362088e-02,nan,nan,nan,-9.975903614457833080e-02,1.445783132530120696e-02,nan,nan,nan,nan,nan,nan,nan,nan,3.662650602409641548e-02,nan,nan,nan,nan,4.626506024096386366e-02,nan,nan,5.783132530120484865e-02,-4.578313253012047251e-02,-8.240963855421687412e-02,6.746987951807248765e-03,-3.036144578313252490e-02,nan,3.277108433734939735e-02,7.036144578313255349e-02,nan,nan,2.602409638554217114e-02,nan,nan,-6.650602409638553536e-02,nan,7.084337349397590300e-02,-3.325301204819277462e-02,nan,nan,nan,nan,nan,nan,-2.891566265060237922e-02,nan,-3.518072289156628368e-02,nan,-4.674698795180724786e-02
-6.341463414634163250e-03,nan,nan,nan,0.000000000000000000e+00,0.000000000000000000e+00,nan,nan,nan,nan,-6.341463414634151974e-03,1.268292682926827099e-02,nan,nan,-7.804878048780483461e-03,-3.902439024390247369e-03,nan,nan,nan,-1.902439024390245592e-02,-4.536585365853659096e-02,nan,nan,nan,nan,nan,nan,nan,nan,2.926829268292674251e-03,nan,nan,nan,nan,-6.341463414634151974e-03,nan,nan,-3.707317073170732918e-02,-6.682926829268291680e-02,4.390243902439017014e-03,-4.097560975609757655e-02,1.317073170731705191e-02,nan,-1.043902439024390338e-01,-2.048780487804880909e-02,nan,nan,3.414634146341444330e-03,nan,nan,0.000000000000000000e+00,nan,-2.731707317073172117e-02,-6.731707317073169772e-02,nan,nan,nan,nan,nan,nan,-5.170731707317075682e-02,0.000000000000000000e+00,-4.146341463414637829e-02,nan,-8.195121951219513923e-02
-1.927710843373531182e-03,nan,nan,nan,-2.554216867469880775e-02,-1.879518072289161276e-02,0.000000000000000000e+00,nan,nan,nan,4.819277108433661530e-04,-6.024096385542172805e-02,nan,nan,-4.440892098500626408e-17,0.000000000000000000e+00,nan,nan,nan,2.891566265060196809e-03,-5.783132530120482784e-02,nan,nan,nan,nan,nan,nan,nan,nan,-4.337349397590367639e-02,nan,nan,nan,nan,-2.698795180722892567e-02,nan,nan,1.012048192771081156e-02,1.349397590361441947e-02,0.000000000000000000e+00,-4.530120481927712994e-02,-8.192771084337353849e-02,nan,-1.108433734939763202e-02,1.301204819277106475e-02,nan,nan,-5.445783132530124249e-02,nan,nan,0.000000000000000000e+00,nan,-4.440892098500626408e-17,0.000000000000000000e+00,nan,nan,nan,nan,nan,nan,2.168674698795178962e-02,0.000000000000000000e+00,-2.409638554216897606e-03,nan,9.156626506024046624e-03
-3.387470997679815909e-02,nan,nan,nan,2.784222737819019682e-03,9.002320185614846870e-02,1.113689095127609087e-02,nan,nan,nan,-1.392111368909509841e-03,2.969837587006960572e-02,nan,nan,4.965197215777261697e-02,2.830626450116007289e-02,nan,nan,nan,8.816705336426911704e-03,7.981438515081203111e-02,nan,nan,nan,nan,nan,nan,nan,nan,5.290023201856146329e-02,nan,nan,nan,nan,4.872389791183295848e-02,-1.670533642691416493e-02,nan,nan,1.229698375870069277e-01,-2.784222737819019682e-03,2.830626450116007289e-02,1.856148491879361416e-03,nan,-7.238979118329469387e-02,-1.053364269141531667e-01,nan,nan,2.969837587006960572e-02,nan,nan,0.000000000000000000e+00,nan,1.670533642691411982e-02,0.000000000000000000e+00,nan,nan,nan,nan,nan,nan,7.238979118329463835e-02,0.000000000000000000e+00,4.176334106728535334e-02,nan,1.020881670533640984e-02
3.821339950372210081e-02,nan,nan,nan,7.444168734491315997e-02,5.111662531017370503e-02,6.997518610421836482e-02,nan,nan,nan,7.841191066997518777e-02,1.196029776674937956e-01,nan,nan,2.630272952853598273e-02,3.325062034739453137e-02,nan,nan,nan,0.000000000000000000e+00,6.302729528535980230e-02,nan,nan,nan,nan,nan,nan,nan,nan,7.841191066997522940e-02,nan,nan,nan,nan,5.260545905707196546e-02,nan,nan,3.076923076923083686e-02,4.119106699751863554e-02,3.473945409429281955e-02,1.086848635235732052e-01,9.081885856079408015e-02,nan,9.081885856079408015e-02,6.104218362282879534e-02,nan,nan,4.962779156327546022e-03,nan,nan,3.573200992555831956e-02,nan,2.431761786600499312e-02,2.977667493796532124e-03,nan,nan,nan,nan,1.985111662531013899e-03,nan,2.729528535980153478e-02,0.000000000000000000e+00,2.084367245657570145e-02,nan,-2.977667493796509572e-03
-8.844221105527640125e-02,nan,nan,nan,1.005025125628140545e-02,3.618090452261304296e-02,6.030150753768848300e-03,nan,nan,nan,2.512562814070307127e-03,-3.517587939698507780e-03,nan,nan,-8.040201005025138584e-03,9.547738693467321819e-03,nan,nan,nan,-9.899497487437187992e-02,1.356783919597987983e-02,nan,nan,nan,nan,nan,nan,nan,nan,-9.045226130653283292e-03,nan,nan,nan,nan,0.000000000000000000e+00,nan,nan,7.035175879396981732e-03,4.522613065326641646e-03,5.025125628140725276e-03,8.542713567839199662e-03,-7.035175879396984855e-02,nan,5.025125628140725276e-03,8.040201005025116032e-03,nan,nan,3.969849246231155204e-02,nan,nan,0.000000000000000000e+00,nan,-2.914572864321607337e-02,0.000000000000000000e+00,nan,nan,nan,nan,nan,nan,5.427135678391960261e-02,0.000000000000000000e+00,-2.914572864321609419e-02,nan,-2.211055276381910378e-02
-6.876513317191285113e-02,nan,nan,nan,2.130750605326876476e-02,-3.099273607748184028e-02,-1.937046004842613066e-03,nan,nan,nan,-9.685230024213075523e-03,-3.099273607748184028e-02,nan,nan,9.200968523002428165e-03,0.000000000000000000e+00,nan,nan,nan,0.000000000000000000e+00,1.549636803874091494e-02,nan,nan,nan,nan,nan,nan,nan,nan,-1.985472154963680014e-02,nan,nan,nan,nan,-3.438256658595641169e-02,nan,nan,-6.828087167070218122e-02,-4.987893462469733530e-02,-2.082324455205810526e-02,-4.116222760290556837e-02,-2.324455205811137848e-02,nan,-5.181598062953993861e-02,-3.631961259079903581e-02,nan,nan,nan,nan,nan,1.065375302663438238e-02,nan,-2.518159806295399220e-02,-4.067796610169491928e-02,nan,nan,nan,nan,nan,nan,-3.389830508474567065e-03,0.000000000000000000e+00,-6.246973365617430884e-02,nan,-4.067796610169490540e-02
1.428571428571430088e-02,nan,nan,nan,3.317972350230417172e-02,-2.949308755760367967e-02,nan,nan,nan,nan,2.165898617511521212e-02,2.488479262672813747e-02,nan,nan,-1.428571428571425751e-02,-2.488479262672809236e-02,nan,nan,nan,-1.612903225806450180e-02,-2.073732718894006830e-02,nan,nan,nan,nan,nan,nan,nan,nan,4.700460829493089548e-02,nan,nan,nan,nan,1.105990783410138942e-02,nan,nan,5.069124423963135978e-02,-1.152073732718890062e-02,5.529953917050695056e-02,3.686635944700478174e-03,-2.396313364055299017e-02,nan,-2.764976958525345793e-02,3.271889400921661195e-02,nan,-1.981566820276496957e-02,-7.834101382488457138e-03,nan,nan,-1.244239631336404618e-02,nan,-4.193548387096773800e-02,0.000000000000000000e+00,nan,nan,nan,nan,nan,nan,-2.119815668202760378e-02,0.000000000000000000e+00,-1.055299539170506673e-01,nan,-2.534562211981565907e-02
1.028846153846154216e-01,nan,nan,nan,-7.692307692307664979e-03,-1.057692307692303935e-02,2.163461538461539796e-02,nan,nan,nan,-1.009615384615381029e-02,1.211538461538461953e-01,nan,nan,3.076923076923079176e-02,2.403846153846156408e-02,nan,nan,nan,-5.288461538461519673e-03,-5.769230769230748734e-03,nan,nan,nan,nan,nan,nan,nan,nan,4.711538461538462841e-02,nan,nan,nan,nan,-2.836538461538458053e-02,2.163461538461542918e-02,nan,1.259615384615385136e-01,2.403846153846200817e-03,-8.365384615384610645e-02,7.500000000000006661e-02,-9.615384615383915524e-04,nan,-4.807692307692305184e-02,nan,nan,-4.326923076923070571e-02,1.826923076923080494e-02,nan,nan,-1.442307692307665066e-03,nan,3.125000000000004163e-02,0.000000000000000000e+00,nan,nan,nan,nan,-6.250000000000000347e-03,nan,7.788461538461541322e-02,-6.730769230769229408e-03,8.028846153846158629e-02,nan,2.451923076923081396e-02
-1.788235294117646035e-02,nan,nan,nan,-4.329411764705881627e-02,-1.251764705882352779e-01,-3.388235294117646068e-02,nan,nan,nan,-1.788235294117647076e-02,-2.070588235294117466e-02,nan,nan,-1.035294117647059114e-01,-9.411764705882341275e-04,nan,nan,nan,-6.682352941176469829e-02,nan,nan,nan,nan,nan,nan,nan,nan,nan,-1.040000000000000091e-01,nan,nan,nan,nan,-1.411764705882345662e-03,nan,nan,-3.905882352941177083e-02,-9.458823529411763964e-02,-1.082352941176470927e-02,-6.070588235294117896e-02,-5.929411764705883048e-02,nan,-1.167058823529411454e-01,-1.054117647058823160e-01,nan,nan,-3.388235294117647456e-02,nan,nan,0.000000000000000000e+00,nan,-4.423529411764706015e-02,-1.223529411764706643e-02,nan,nan,nan,nan,nan,nan,-7.247058823529410609e-02,0.000000000000000000e+00,-1.571764705882352786e-01,nan,-1.703529411764705959e-01
-5.116279069767437973e-03,nan,nan,nan,2.325581395348841514e-03,-5.116279069767392870e-03,-1.627906976744184636e-02,nan,nan,nan,4.651162790697771715e-04,1.302325581395349409e-02,nan,nan,9.767441860465141817e-03,2.093023255813954847e-02,nan,nan,nan,2.697674418604651889e-02,2.697674418604655358e-02,nan,nan,nan,nan,nan,nan,nan,nan,3.906976744186053951e-02,nan,nan,nan,nan,-1.860465116279068701e-02,nan,nan,1.186046511627907307e-01,2.325581395348839259e-02,-4.186046511627905531e-03,3.534883720930237505e-02,3.395348837209307552e-02,nan,1.255813953488378251e-02,8.232558139534887354e-02,nan,nan,8.511627906976745872e-02,nan,nan,-4.186046511627905531e-03,nan,2.279069767441864805e-02,8.837209302325588559e-03,nan,nan,nan,nan,5.534883720930235118e-02,nan,5.581395348837213388e-02,0.000000000000000000e+00,7.627906976744190659e-02,nan,6.093023255813957706e-02
1.317535545023695853e-01,nan,nan,nan,-1.895734597156417678e-03,3.175355450236966304e-02,1.374407582938388418e-02,nan,nan,nan,2.369668246445466586e-03,7.819905213270136879e-02,nan,nan,9.952606635071026275e-03,0.000000000000000000e+00,nan,nan,nan,2.748815165876776836e-02,nan,nan,nan,nan,nan,nan,nan,nan,nan,6.255924170616108948e-02,nan,nan,nan,nan,1.374407582938388418e-02,nan,nan,6.777251184834118258e-02,8.672985781990515119e-02,4.075829383886249435e-02,1.279620853080563024e-02,1.800947867298576671e-02,nan,8.530805687203702609e-03,5.165876777251179192e-02,nan,7.725118483412315995e-02,1.990521327014211847e-02,nan,nan,3.791469194312768569e-03,nan,6.018957345971558126e-02,1.374407582938388418e-02,nan,nan,nan,nan,0.000000000000000000e+00,nan,6.255924170616108948e-02,0.000000000000000000e+00,3.317535545023690691e-02,nan,8.815165876777245058e-02
9.476309226932688387e-03,nan,nan,nan,-4.588528678304239911e-02,-3.042394014962594012e-02,-4.588528678304239911e-02,nan,nan,nan,-4.987531172069737274e-04,-1.745635910224437731e-02,nan,nan,-8.977556109725684519e-02,-3.491271820448876850e-02,nan,nan,nan,-4.588528678304239911e-02,-9.775561097256854626e-02,nan,nan,nan,nan,nan,nan,nan,nan,5.985037406483817435e-03,nan,nan,nan,nan,-1.097256857855361811e-01,nan,nan,4.588528678304239911e-02,-4.638403990024936308e-02,-4.588528678304237829e-02,-1.087281795511221699e-01,-4.738154613466331183e-02,nan,-2.244389027431418354e-02,-6.184538653366583594e-02,nan,-1.745635910224438980e-01,3.990024937655867014e-03,nan,nan,-4.588528678304239911e-02,nan,1.147132169576060498e-02,-4.588528678304239911e-02,nan,nan,nan,nan,nan,nan,-2.194513715710721957e-02,0.000000000000000000e+00,-1.032418952618453928e-01,nan,-7.032418952618454955e-02
1.643192488262907799e-02,nan,nan,nan,2.018779342723002815e-02,5.539906103286380834e-02,7.981220657276955760e-03,nan,nan,nan,2.910798122065727522e-02,2.206572769953047894e-02,nan,nan,1.877934272300469873e-02,2.347417840375576499e-03,nan,nan,nan,1.361502347417837752e-02,3.708920187793425527e-02,nan,nan,nan,nan,nan,nan,nan,nan,1.201877934272300025e-01,nan,nan,nan,nan,2.441314553990605457e-02,nan,nan,9.201877934272298387e-02,5.727699530516430076e-02,5.633802816901400945e-03,4.413145539906100645e-02,3.990610328638495574e-02,nan,2.723004694835680015e-02,1.596244131455399826e-02,nan,nan,5.868544600938963018e-02,nan,nan,9.389671361502482721e-04,nan,5.868544600938964406e-02,0.000000000000000000e+00,nan,nan,nan,nan,1.737089201877932768e-02,nan,8.685446009389671818e-02,0.000000000000000000e+00,6.854460093896710959e-02,nan,8.544600938967136794e-02
2.062350119904083831e-02,nan,nan,nan,0.000000000000000000e+00,0.000000000000000000e+00,7.002398081534774721e-02,nan,nan,nan,2.398081534772167345e-03,-1.486810551558748195e-02,nan,nan,-1.726618705035969439e-02,-2.637889688249399692e-02,nan,nan,nan,0.000000000000000000e+00,4.988009592326143882e-02,nan,nan,nan,nan,nan,nan,nan,nan,6.810551558753000223e-02,nan,nan,nan,nan,-1.294964028776974738e-02,-1.438848920863278159e-03,nan,8.441247002398086230e-02,9.784172661870506327e-02,1.007194244604321318e-02,1.390887290167868232e-02,9.592326139089002446e-04,nan,-7.194244604316524586e-03,2.925659472422065255e-02,nan,nan,8.297362110311753969e-02,nan,nan,4.796163069544334798e-04,nan,-1.151079136690646987e-02,0.000000000000000000e+00,nan,nan,nan,nan,nan,nan,4.316546762589932446e-02,0.000000000000000000e+00,4.508393285371705556e-02,nan,-3.117505995203833161e-02
4.819277108433661638e-03,nan,nan,nan,0.000000000000000000e+00,4.867469879518069448e-02,-4.819277108433883791e-04,nan,nan,nan,nan,1.060240963855421138e-02,nan,nan,1.349397590361442988e-02,2.168674698795178962e-02,nan,nan,nan,-9.638554216867545321e-04,1.927710843373464612e-03,nan,nan,nan,nan,nan,nan,nan,nan,3.710843373493973030e-02,nan,nan,nan,nan,0.000000000000000000e+00,nan,nan,3.228915662650599927e-02,-1.204819277108437614e-02,-1.445783132530120739e-03,2.795180722891562469e-02,0.000000000000000000e+00,nan,5.301204819277071864e-03,7.710843373493969470e-03,nan,nan,3.662650602409638079e-02,nan,nan,-1.445783132530120739e-03,nan,1.493975903614452871e-02,0.000000000000000000e+00,nan,nan,nan,nan,nan,nan,1.204819277108429808e-02,1.060240963855421138e-02,7.614457831325296966e-02,nan,5.301204819277105518e-02
nan,nan,nan,nan,9.975062344139474547e-04,-6.483790523690790945e-03,0.000000000000000000e+00,nan,nan,nan,-2.892768079800500658e-02,-3.241895261845388621e-02,-2.992518703241908717e-03,nan,1.496259351620898848e-03,-5.486284289276843924e-03,nan,nan,nan,0.000000000000000000e+00,1.995012468827872358e-03,nan,nan,nan,nan,nan,nan,nan,nan,-1.147132169576060290e-01,nan,nan,nan,nan,-3.341645885286783496e-02,nan,nan,-1.197007481296763487e-02,-3.640897755610976450e-02,-1.246882793017460925e-02,-1.127182044887780760e-01,-5.785536159601002704e-02,nan,-9.426433915211976378e-02,nan,nan,nan,-2.094763092269330551e-02,nan,nan,0.000000000000000000e+00,nan,nan,0.000000000000000000e+00,nan,nan,nan,nan,nan,nan,-2.443890274314219901e-02,0.000000000000000000e+00,-8.827930174563596022e-02,nan,-3.940149625935165240e-02
3.053435114503821966e-03,nan,nan,nan,4.173027989821884859e-02,0.000000000000000000e+00,9.160305343511487147e-03,nan,nan,nan,7.531806615776084901e-02,2.086513994910945552e-02,nan,nan,1.475826972010181246e-02,8.905852417302800861e-02,nan,nan,nan,1.811704834605598058e-01,5.903307888040713880e-02,nan,nan,nan,nan,nan,nan,nan,nan,1.852417302798982646e-01,nan,nan,nan,nan,8.498727735368957759e-02,3.155216284987281267e-02,nan,1.480916030534351335e-01,1.409669211195929139e-01,1.984732824427482001e-02,1.033078880407125172e-01,1.165394402035623694e-01,nan,7.379134860050891309e-02,1.445292620865140376e-01,nan,1.760814249363868156e-01,7.786259541984733024e-02,nan,nan,1.394402035623410196e-01,nan,1.083969465648855213e-01,4.376590330788804328e-02,nan,nan,nan,nan,1.526717557251910983e-03,nan,1.806615776081425262e-01,4.376590330788804328e-02,1.755725190839695082e-01,nan,1.256997455470738045e-01
1.445000000000000173e-01,nan,nan,nan,1.100000000000000977e-02,3.450000000000000983e-02,5.800000000000000988e-02,nan,nan,nan,8.350000000000001865e-02,8.300000000000001821e-02,nan,nan,6.400000000000002909e-02,5.550000000000000766e-02,nan,nan,nan,2.700000000000000316e-02,7.000000000000002054e-02,nan,nan,nan,nan,nan,nan,nan,nan,1.835000000000000520e-01,nan,nan,nan,nan,0.000000000000000000e+00,nan,nan,1.385000000000000120e-01,1.520000000000000517e-01,8.700000000000000788e-02,9.350000000000001366e-02,2.500000000000000139e-02,nan,1.090000000000000274e-01,5.600000000000002892e-02,nan,nan,6.050000000000001904e-02,nan,nan,-4.999999999999893852e-04,nan,5.500000000000000722e-02,5.550000000000000766e-02,nan,nan,nan,nan,nan,nan,2.550000000000003306e-02,5.800000000000000988e-02,8.500000000000001998e-02,nan,1.260000000000000009e-01
5.687203791469164563e-03,nan,nan,nan,3.317535545023675425e-03,1.374407582938386163e-02,1.895734597156351108e-03,nan,nan,nan,4.265402843601861713e-03,3.507109004739332458e-02,nan,nan,-7.582938388625648160e-03,-2.748815165876778918e-02,nan,nan,nan,-1.421800947867324317e-03,3.127962085308053780e-02,nan,nan,nan,nan,nan,nan,nan,nan,-1.895734597156439796e-03,nan,nan,nan,nan,-9.478672985782310651e-04,nan,nan,2.985781990521320026e-02,1.895734597156393392e-02,3.791469194312768569e-03,-2.132701421800953234e-02,2.274881516587674499e-02,nan,-1.279620853080574126e-02,-2.369668246445504403e-02,nan,-7.156398104265407345e-02,nan,nan,nan,0.000000000000000000e+00,nan,-3.033175355450243998e-02,0.000000000000000000e+00,nan,nan,nan,nan,nan,nan,2.796208530805682768e-02,0.000000000000000000e+00,-4.075829383886261231e-02,nan,-1.184834123222753242e-02
8.490566037735857580e-03,nan,nan,nan,0.000000000000000000e+00,-1.226415094339621328e-02,-2.075471698113207086e-02,nan,nan,nan,-1.415094339622642236e-02,-2.641509433962265646e-02,nan,nan,8.962264150943389032e-03,-1.839622641509432860e-02,nan,nan,nan,7.547169811320753041e-03,-1.650943396226416462e-02,nan,nan,nan,nan,nan,nan,nan,nan,-7.311320754716983672e-02,nan,nan,nan,nan,-3.301886792452823818e-03,nan,nan,-5.660377358490576057e-03,-3.207547169811320042e-02,-1.839622641509435289e-02,-3.773584905660378602e-02,-5.283018867924529210e-02,nan,-7.547169811320755817e-02,-4.764150943396226745e-02,nan,nan,-9.433962264150941301e-03,nan,nan,0.000000000000000000e+00,nan,4.245283018867907106e-03,-4.150943396226414173e-02,nan,nan,nan,nan,nan,nan,1.886792452830166143e-03,0.000000000000000000e+00,-3.773584905660365245e-03,nan,8.962264150943411584e-03
3.373493975903640862e-03,nan,nan,nan,0.000000000000000000e+00,-6.554216867469879471e-02,-9.156626506024079584e-03,nan,nan,nan,-9.638554216867323060e-04,-7.277108433734937043e-02,nan,nan,-3.036144578313252490e-02,4.819277108433772661e-04,nan,nan,nan,-1.156626506024096591e-02,1.110223024625156602e-17,nan,nan,nan,nan,nan,nan,nan,nan,-1.493975903614455127e-02,nan,nan,nan,nan,-1.493975903614458423e-02,nan,nan,-2.554216867469878346e-02,-5.783132530120480702e-02,-1.445783132530109680e-03,-2.168674698795178962e-02,1.445783132530120739e-03,nan,-7.903614457831324713e-02,-5.301204819277107599e-02,nan,nan,1.927710843373498005e-03,nan,nan,0.000000000000000000e+00,nan,-8.048192771084336505e-02,nan,nan,nan,nan,nan,nan,nan,-7.614457831325299741e-02,0.000000000000000000e+00,-5.542168674698794151e-02,nan,-3.807228915662648483e-02
2.725060827250611745e-02,nan,nan,nan,1.995133819951340134e-02,3.892944038929446737e-02,9.245742092457431838e-03,nan,nan,nan,nan,1.995133819951340134e-02,1.605839416058394559e-02,nan,4.379562043795624110e-02,9.245742092457431838e-03,nan,nan,nan,6.326034063260333080e-03,3.698296836982968572e-02,nan,nan,nan,nan,nan,nan,nan,nan,1.041362530413625365e-01,nan,nan,nan,nan,7.785888077858893301e-03,nan,nan,9.051094890510949509e-02,5.547445255474454939e-02,2.433090024330919390e-03,6.715328467153287850e-02,9.732360097323810699e-04,nan,6.228710462287105620e-02,2.043795620437958288e-02,nan,nan,9.391727493917277625e-02,nan,nan,7.785888077858893301e-03,nan,nan,3.114355231143557320e-02,nan,nan,nan,nan,3.892944038929446737e-02,nan,9.829683698296835803e-02,0.000000000000000000e+00,8.661800486618002892e-02,nan,2.433090024330901782e-02
-4.926108374384230437e-03,nan,nan,nan,-7.881773399014769046e-03,-1.133004926108374145e-02,nan,nan,nan,nan,-1.576354679802955891e-02,-4.384236453201970779e-02,nan,nan,-1.280788177339902204e-02,-8.374384236453202845e-03,nan,nan,nan,-2.118226600985221447e-02,-9.359605911330060035e-03,nan,nan,nan,nan,nan,nan,nan,nan,-2.315270935960591497e-02,nan,nan,nan,nan,-6.403940886699499742e-03,nan,nan,1.527093596059113725e-02,-1.034482758620689467e-02,-2.807881773399012459e-02,-1.773399014778324206e-02,-3.349753694581281138e-02,nan,-5.911330049261080688e-02,nan,nan,nan,-1.428571428571428006e-02,nan,nan,nan,nan,-6.108374384236454901e-02,-8.866995073891614093e-03,nan,nan,nan,nan,nan,nan,-7.832512315270935555e-02,0.000000000000000000e+00,-2.413793103448274094e-02,nan,-3.004926108374381816e-02
-4.750593824228021775e-03,nan,nan,nan,0.000000000000000000e+00,-2.945368171021374090e-02,-6.650831353919239679e-03,nan,nan,nan,-8.076009501187652456e-03,-3.515439429928742671e-02,nan,nan,-2.517814726840856762e-02,1.900237529691217687e-03,nan,nan,nan,-1.472684085510689300e-02,-3.372921615201898010e-02,nan,nan,nan,nan,nan,nan,nan,nan,2.565320665083136234e-02,nan,nan,nan,nan,0.000000000000000000e+00,nan,nan,2.280285035629453505e-02,-1.710213776722088047e-02,4.750593824228044218e-04,-9.026128266033240158e-03,-1.187648456057006571e-02,nan,-3.705463182897861252e-02,-2.850356294536817575e-02,nan,nan,4.750593824228044218e-04,nan,nan,0.000000000000000000e+00,nan,1.045130641330166421e-02,0.000000000000000000e+00,nan,nan,nan,nan,nan,nan,-2.565320665083135193e-02,0.000000000000000000e+00,6.033254156769597698e-02,nan,4.608076009501189951e-02
1.531707317073170982e-01,nan,nan,nan,5.707317073170732613e-02,1.668292682926829362e-01,1.151219512195122141e-01,nan,nan,nan,8.878048780487805824e-02,1.302439024390243949e-01,nan,nan,4.195121951219511758e-02,5.756097560975610705e-02,nan,nan,nan,2.878048780487805353e-02,7.365853658536584969e-02,nan,nan,nan,nan,nan,nan,nan,nan,1.341463414634146423e-01,nan,nan,nan,nan,1.136585365853658713e-01,nan,nan,9.707317073170732002e-02,1.029268292682927050e-01,8.146341463414634443e-02,5.073170731707317416e-02,1.321951219512195186e-01,nan,1.053658536585365957e-01,7.804878048780487798e-02,nan,nan,1.468292682926829462e-01,nan,nan,0.000000000000000000e+00,nan,3.560975609756098642e-02,0.000000000000000000e+00,nan,nan,nan,nan,nan,nan,1.117073170731707477e-01,0.000000000000000000e+00,1.278048780487805181e-01,nan,9.902439024390244371e-02
3.165467625899280601e-02,nan,nan,nan,-2.733812949640287288e-02,-7.338129496402875929e-02,-2.398081534772181916e-02,nan,nan,nan,0.000000000000000000e+00,0.000000000000000000e+00,nan,nan,-9.208633093525181446e-02,-6.043165467625900844e-02,nan,nan,nan,-3.117505995203837671e-02,-2.877697841726611829e-03,nan,nan,nan,nan,nan,nan,nan,nan,-1.630695443645084966e-02,nan,nan,nan,nan,6.235011990407668576e-03,nan,nan,-4.076738609112710854e-02,-4.508393285371702086e-02,9.592326139088780184e-04,-6.618705035971222950e-02,-2.062350119904078280e-02,nan,-4.412470023980815531e-02,-8.824940047961631062e-02,nan,nan,-2.446043165467626235e-02,nan,nan,0.000000000000000000e+00,nan,-5.611510791366906142e-02,0.000000000000000000e+00,nan,nan,nan,nan,0.000000000000000000e+00,nan,-4.556354916067147098e-02,0.000000000000000000e+00,-3.165467625899280601e-02,nan,-2.014388489208635002e-02
0.000000000000000000e+00,nan,nan,nan,7.537688442211076638e-03,-4.020100502512558016e-03,1.507537688442228772e-03,nan,nan,nan,-8.542713567839177111e-03,5.527638190954808906e-03,nan,nan,-2.010050251256267732e-03,-5.025125628140614037e-04,nan,nan,nan,0.000000000000000000e+00,-5.527638190954764670e-03,nan,nan,nan,nan,nan,nan,nan,nan,-7.035175879396971324e-03,nan,nan,nan,nan,-3.919597989949748229e-02,nan,nan,-4.522613065326632625e-02,3.015075376884446268e-03,1.306532663316584131e-02,-2.010050251256279008e-02,-1.507537688442209776e-02,nan,-3.366834170854269420e-02,-7.537688442211032402e-03,nan,nan,-7.035175879396993008e-03,nan,nan,0.000000000000000000e+00,nan,4.974874371859296790e-02,nan,nan,nan,nan,nan,nan,nan,-1.708542713567837851e-02,nan,-4.271356783919597749e-02,nan,-6.482412060301502577e-02
-8.510638297872385669e-03,nan,nan,nan,-3.215130023640665191e-02,-1.654846335697400875e-02,4.728132387706751485e-04,nan,nan,nan,nan,-1.938534278959810203e-02,nan,nan,-1.560283687943266918e-02,0.000000000000000000e+00,nan,nan,nan,-9.929078014184411494e-03,-3.546099290780144880e-02,nan,nan,nan,nan,nan,nan,nan,nan,4.728132387706751485e-04,nan,nan,nan,nan,-7.565011820330968910e-03,nan,nan,2.600472813238766806e-02,-5.153664302600476088e-02,4.728132387706751485e-04,-4.728132387706973747e-04,-2.742316784869975807e-02,nan,-9.267139479905439625e-02,-7.612293144208040485e-02,nan,nan,-3.546099290780144880e-02,nan,nan,0.000000000000000000e+00,nan,-4.208037825059105647e-02,-1.654846335697400875e-02,nan,nan,nan,nan,4.728132387706751485e-04,nan,1.749408983451533617e-02,0.000000000000000000e+00,-7.281323877068560102e-02,nan,-7.659574468085109111e-02
1.662707838479808922e-02,nan,nan,nan,1.900237529691207669e-02,1.662707838479807881e-02,0.000000000000000000e+00,nan,nan,nan,1.995249406175768694e-02,7.743467933491680888e-02,nan,nan,1.045130641330160870e-02,-4.750593824228266479e-04,nan,nan,nan,1.092636579572439127e-02,3.515439429928735038e-02,nan,nan,nan,nan,nan,nan,nan,nan,5.938242280285031816e-02,nan,nan,nan,nan,2.375296912114000045e-03,nan,nan,6.223277909738711422e-02,-2.470308788598583188e-02,8.076009501187586537e-03,1.900237529691151117e-03,-9.026128266033318220e-03,nan,-1.282660332541571933e-02,3.562945368171015204e-02,nan,nan,4.275534441805221159e-02,nan,nan,1.425178147268407747e-02,nan,-3.325415676959664509e-03,0.000000000000000000e+00,nan,nan,nan,nan,nan,nan,4.513064133016623375e-02,0.000000000000000000e+00,4.893111638954865394e-02,nan,3.135391923990495100e-02
2.451923076923079314e-02,nan,nan,nan,1.298076923076922976e-02,3.749999999999999861e-02,-2.884615384615374367e-03,nan,nan,nan,5.336538461538460620e-02,1.331730769230769218e-01,nan,nan,2.836538461538462563e-02,2.307692307692308514e-02,nan,nan,nan,7.163461538461537992e-02,1.298076923076922976e-02,nan,nan,nan,nan,nan,nan,nan,nan,7.067307692307692180e-02,nan,nan,nan,nan,3.413461538461539518e-02,nan,nan,1.105769230769230865e-01,6.923076923076927625e-02,6.538461538461540212e-02,nan,8.461538461538463396e-02,nan,2.548076923076925127e-02,5.913461538461539657e-02,nan,nan,7.596153846153845535e-02,nan,nan,1.057692307692308445e-02,nan,4.423076923076925404e-02,6.730769230769229061e-02,nan,nan,nan,nan,nan,nan,3.317307692307693012e-02,0.000000000000000000e+00,1.346153846153846367e-01,nan,9.134615384615385469e-02
1.960784313725483230e-03,nan,nan,nan,9.803921568627453620e-02,1.230392156862745168e-01,6.176470588235294379e-02,nan,nan,nan,2.990196078431373028e-02,1.377450980392156965e-01,nan,nan,1.205882352941176627e-01,4.166666666666667129e-02,nan,nan,nan,8.970588235294119084e-02,2.598039215686274300e-02,nan,nan,nan,nan,nan,nan,nan,nan,1.299019607843137636e-01,nan,nan,nan,nan,4.117647058823530049e-02,nan,nan,1.892156862745097978e-01,1.926470588235294212e-01,6.176470588235294379e-02,5.882352941176471894e-02,9.754901960784313764e-02,nan,5.049019607843137358e-02,2.254901960784314735e-02,nan,nan,4.656862745098037937e-02,nan,nan,2.990196078431373028e-02,nan,1.500000000000000222e-01,2.990196078431373028e-02,nan,nan,nan,nan,nan,nan,1.519607843137254777e-01,0.000000000000000000e+00,1.583333333333333537e-01,nan,1.161764705882353255e-01
5.924170616113742099e-02,nan,nan,nan,6.303317535545019390e-02,2.369668246445497811e-02,5.071090047393360389e-02,nan,nan,nan,2.274881516587676927e-02,1.369668246445497339e-01,nan,nan,1.170616113744075842e-01,4.786729857819904677e-02,nan,nan,nan,1.383886255924170472e-01,1.052132701421800709e-01,nan,nan,nan,nan,nan,nan,nan,nan,1.165876777251184659e-01,nan,nan,nan,nan,7.345971563981035235e-02,4.834123222748813731e-02,nan,1.090047393364928646e-01,8.957345971563981935e-02,1.180094786729857653e-01,1.241706161137440673e-01,1.018957345971563261e-01,nan,7.014218009478670468e-02,9.052132701421797267e-02,nan,nan,1.109004739336492823e-01,nan,nan,9.478672985781977367e-03,nan,1.056872037914691614e-01,3.886255924170613912e-02,nan,nan,nan,nan,nan,nan,1.516587677725118044e-01,0.000000000000000000e+00,1.236966824644549490e-01,nan,2.748815165876776836e-02
-8.517647058823531181e-02,nan,nan,nan,8.941176470588230174e-03,1.317647058823525653e-02,9.411764705882230686e-04,nan,nan,nan,9.411764705882341708e-03,7.670588235294113766e-02,nan,nan,1.016470588235293820e-01,2.870588235294117135e-02,nan,nan,nan,1.199999999999999956e-01,8.847058823529409255e-02,nan,nan,nan,nan,nan,nan,nan,nan,-2.635294117647059980e-02,nan,nan,nan,nan,4.705882352941170854e-02,nan,nan,5.882352941176469813e-02,3.623529411764704611e-02,0.000000000000000000e+00,2.588235294117642235e-02,6.352941176470586204e-02,nan,3.247058823529407057e-02,5.129411764705882337e-02,nan,nan,2.588235294117641194e-02,nan,nan,9.223529411764701258e-02,nan,-6.117647058823538417e-03,nan,nan,nan,nan,nan,nan,nan,2.399999999999997621e-02,0.000000000000000000e+00,-6.117647058823538417e-03,nan,9.129411764705878951e-02
-4.683840749414525323e-04,nan,nan,nan,6.557377049180324394e-03,2.529274004683840227e-02,-5.105386416861825566e-02,nan,nan,nan,-3.044496487119437850e-02,-6.604215456674474016e-02,nan,nan,4.683840749414513831e-03,-1.686182669789226818e-02,nan,nan,nan,-2.810304449648692859e-03,-1.779859484777517389e-02,nan,nan,nan,nan,nan,nan,nan,nan,2.482435597189695115e-02,nan,nan,nan,nan,-4.543325526932086300e-02,nan,nan,4.168618266978921932e-02,-1.161592505854801144e-01,-4.918032786885245811e-02,-1.217798594847775348e-02,-5.620608899297441230e-03,nan,-5.948477751756440363e-02,1.124121779859484950e-02,nan,nan,-3.044496487119436809e-02,nan,nan,4.683840749414525323e-04,nan,-5.152224824355973454e-02,0.000000000000000000e+00,nan,nan,nan,nan,-5.433255269320846903e-02,nan,-2.341920374707284671e-03,0.000000000000000000e+00,-3.653395784543325003e-02,nan,-7.634660421545669262e-02
-9.268292682926827092e-03,nan,nan,nan,-4.243902439024389850e-02,-2.239024390243902207e-01,-7.268292682926827397e-02,nan,nan,nan,9.756097560975608013e-03,-2.804878048780487521e-01,nan,nan,-1.746341463414634032e-01,1.951219512195123684e-03,nan,nan,nan,-6.097560975609754574e-02,-6.390243902439024515e-02,nan,nan,nan,nan,nan,nan,nan,nan,-5.609756097560976429e-02,nan,nan,nan,nan,0.000000000000000000e+00,nan,nan,-1.878048780487804881e-01,-1.219512195121950915e-01,-9.073170731707316805e-02,-2.087804878048780122e-01,-1.590243902439024137e-01,nan,-1.697560975609755940e-01,-9.658536585365853910e-02,nan,nan,-6.048780487804876482e-02,nan,nan,0.000000000000000000e+00,nan,-1.702439024390243749e-01,4.878048780487809211e-03,nan,nan,nan,nan,nan,nan,-1.429268292682926988e-01,0.000000000000000000e+00,-2.009756097560975729e-01,nan,-1.351219512195122041e-01
9.779951100244322227e-04,nan,nan,nan,-1.858190709046455419e-02,-3.765281173594131614e-02,-9.779951100244498735e-03,nan,nan,nan,-1.564792176039120353e-02,-1.711491442542787539e-02,nan,nan,-3.911980440097806086e-03,-1.075794621026895416e-02,nan,nan,nan,-9.779951100244543404e-04,1.173594132029338530e-02,nan,nan,nan,nan,nan,nan,nan,nan,-4.400977995110033798e-03,nan,nan,nan,nan,-2.933985330073348580e-02,nan,nan,-8.655256723716381329e-02,-6.748166259168705827e-02,-1.320293398533009012e-02,-2.396088019559901999e-02,-8.361858190709046956e-02,nan,-1.907090464547677236e-02,-2.836185819070904252e-02,nan,nan,-2.151589242053789791e-02,nan,nan,0.000000000000000000e+00,nan,-5.819070904645477771e-02,-9.779951100244498735e-03,nan,nan,nan,nan,-1.907090464547678277e-02,nan,-6.161369193154035001e-02,0.000000000000000000e+00,-6.503667481662592231e-02,nan,-1.139364303178484195e-01
-3.330669073875469498e-17,nan,nan,nan,-7.565011820330980186e-03,-1.607565011820333289e-02,-7.565011820330980186e-03,nan,nan,nan,-5.673758865248235139e-03,1.323877068557918237e-02,nan,nan,-1.229314420803784280e-02,-2.836879432624117570e-03,nan,nan,nan,0.000000000000000000e+00,-2.316784869976362682e-02,nan,nan,nan,nan,nan,nan,nan,nan,-2.269503546099294056e-02,nan,nan,nan,nan,-2.836879432624150963e-03,-3.782505910165490093e-03,nan,1.513002364066192741e-02,-8.699763593380618887e-02,-1.607565011820335371e-02,-1.607565011820333289e-02,-3.215130023640666579e-02,nan,9.929078014184378534e-03,6.619385342789574703e-03,nan,nan,1.371158392434986863e-02,nan,nan,0.000000000000000000e+00,nan,-3.026004728132392074e-02,0.000000000000000000e+00,nan,nan,nan,nan,0.000000000000000000e+00,nan,-5.200945626477544714e-02,0.000000000000000000e+00,4.728132387706818381e-03,nan,-1.513002364066197078e-02
3.373493975903618658e-02,nan,nan,nan,1.108433734939759906e-02,5.060240963855422436e-02,3.228915662650602009e-02,nan,nan,nan,-1.445783132530098405e-03,2.891566265060243474e-02,nan,nan,2.216867469879517730e-02,1.445783132530120739e-03,nan,nan,nan,0.000000000000000000e+00,-4.819277108433883791e-04,nan,nan,nan,nan,nan,nan,nan,nan,2.554216867469880775e-02,nan,nan,nan,nan,1.590361445783132835e-02,nan,nan,1.161445783132530468e-01,8.048192771084336505e-02,7.036144578313255349e-02,2.746987951807229253e-02,-9.638554216867323060e-04,nan,1.542168674698796149e-02,2.987951807228916845e-02,nan,4.192771084337352377e-02,nan,nan,nan,0.000000000000000000e+00,nan,7.614457831325302517e-02,0.000000000000000000e+00,nan,nan,nan,nan,nan,nan,5.831325301204821898e-02,0.000000000000000000e+00,4.578313253012049333e-02,nan,6.891566265060240781e-02
2.102689486552569015e-02,nan,nan,nan,-6.356968215158920361e-03,-1.271393643031784072e-02,-4.889975550122161113e-04,nan,nan,nan,4.889975550122249368e-03,9.779951100244521286e-03,nan,nan,7.823960880195612172e-03,-1.124694376528117060e-02,nan,nan,nan,6.356968215158924351e-02,6.356968215158942045e-03,nan,nan,nan,nan,nan,nan,nan,nan,-2.542787286063568145e-02,nan,nan,nan,nan,-3.422982885085568139e-02,nan,nan,3.814180929095358635e-02,5.525672371638144093e-02,7.090464547677266527e-02,4.254278728606357418e-02,1.222493887530564684e-02,nan,2.493887530562349797e-02,-8.312958435207806057e-03,nan,4.205378973105135948e-02,3.667481662591689368e-02,nan,nan,0.000000000000000000e+00,nan,7.921760391198048867e-02,0.000000000000000000e+00,nan,nan,nan,nan,nan,nan,3.618581907090465816e-02,0.000000000000000000e+00,1.056234718826406238e-01,nan,1.207823960880195779e-01
1.658536585365853050e-02,nan,nan,nan,0.000000000000000000e+00,0.000000000000000000e+00,0.000000000000000000e+00,nan,nan,nan,5.365853658536590132e-03,1.009756097560975674e-01,nan,nan,7.073170731707315029e-02,4.878048780487809211e-04,nan,nan,nan,1.214634146341463383e-01,-2.195121951219512063e-02,nan,nan,nan,nan,nan,nan,nan,nan,5.414634146341461285e-02,nan,nan,nan,nan,-1.853658536585365418e-02,nan,nan,6.292682926829265555e-02,5.609756097560973653e-02,3.512195121951218468e-02,3.804878048780487021e-02,4.682926829268289903e-02,nan,3.902439024390241817e-02,5.024390243902439324e-02,nan,3.414634146341464366e-02,5.121951219512192732e-02,nan,nan,0.000000000000000000e+00,nan,6.682926829268294455e-02,0.000000000000000000e+00,nan,nan,nan,nan,0.000000000000000000e+00,nan,5.121951219512192732e-02,0.000000000000000000e+00,6.634146341463413588e-02,nan,6.439024390243899831e-02
6.950354609929081107e-02,nan,nan,nan,1.891252955082745046e-03,-3.498817966903071397e-02,9.456264775413725232e-04,nan,nan,nan,-3.687943262411348677e-02,-7.943262411347515317e-02,-2.174940898345154722e-02,nan,-2.364066193853424716e-02,9.456264775413725232e-04,nan,nan,nan,0.000000000000000000e+00,-1.796690307328603284e-02,nan,nan,nan,nan,nan,nan,nan,nan,-6.146572104018877165e-03,nan,nan,nan,nan,-3.167848699763591014e-02,-5.342789598108745736e-02,nan,-4.586288416075645635e-02,4.728132387706851340e-03,-2.978723404255318938e-02,-2.931442080378248230e-02,-3.120567375886522735e-02,nan,9.456264775413725232e-04,-1.371158392434987904e-02,nan,nan,-2.033096926713946415e-02,nan,nan,0.000000000000000000e+00,nan,nan,0.000000000000000000e+00,nan,nan,nan,nan,nan,nan,4.964539007092198808e-02,0.000000000000000000e+00,-2.174940898345152293e-02,nan,6.146572104018898849e-03
-6.349999999999997313e-02,nan,nan,nan,-3.349999999999999506e-02,-8.099999999999998868e-02,-6.699999999999999012e-02,nan,nan,nan,-5.000000000000004441e-04,-6.749999999999997669e-02,nan,nan,-1.119999999999999607e-01,-6.599999999999998923e-02,nan,nan,nan,-1.339999999999999802e-01,-1.625000000000000333e-01,nan,nan,nan,nan,nan,nan,nan,nan,-3.350000000000000894e-02,nan,nan,nan,nan,2.500000000000002220e-03,-9.300000000000001321e-02,nan,-1.699999999999999428e-02,-7.549999999999999767e-02,-2.400000000000000050e-02,-2.499999999999990945e-03,5.499999999999993609e-03,nan,-8.599999999999999312e-02,-4.799999999999998712e-02,nan,nan,-3.099999999999998243e-02,nan,nan,nan,nan,-1.059999999999999554e-01,-2.949999999999999151e-02,nan,nan,nan,nan,-3.349999999999999506e-02,nan,-3.349999999999999506e-02,-1.004999999999999921e-01,-9.049999999999998324e-02,nan,-1.129999999999999893e-01
nan,nan,nan,nan,9.779951100244543404e-04,-2.347188264058679488e-02,-4.400977995110024604e-02,nan,nan,nan,-4.352078239608801052e-02,-1.623471882640586395e-01,nan,nan,-1.466992665036672729e-02,0.000000000000000000e+00,nan,nan,nan,1.955990220048908681e-03,4.889975550122383375e-04,nan,nan,nan,nan,nan,nan,nan,nan,-7.823960880195568804e-03,nan,nan,nan,nan,-1.271393643031784072e-02,nan,nan,3.569682151589244345e-02,-4.743276283618580447e-02,-2.933985330073318569e-03,-6.112469437652807980e-02,-8.753056234718825657e-02,nan,-5.036674816625916901e-02,-3.960880195599022352e-02,nan,nan,-5.476772616136915683e-02,nan,nan,0.000000000000000000e+00,nan,-9.828850855745720205e-02,0.000000000000000000e+00,nan,nan,nan,nan,nan,nan,-1.080684596577016904e-01,0.000000000000000000e+00,2.591687041564794125e-02,nan,-7.090464547677262364e-02
-1.040189125295506480e-02,nan,nan,nan,-6.146572104018898849e-03,-4.728132387706855677e-02,0.000000000000000000e+00,nan,nan,nan,4.728132387706862616e-04,-1.281323877068557826e-01,nan,nan,-3.498817966903074173e-02,-6.146572104018898849e-03,nan,nan,nan,-9.456264775413614643e-04,-3.309692671394770438e-03,nan,nan,nan,nan,nan,nan,nan,nan,1.843971631205672951e-02,nan,nan,nan,nan,-8.983451536643016419e-03,nan,nan,nan,-1.938534278959810203e-02,-1.418439716312047726e-03,4.728132387706862616e-04,1.276595744680850651e-02,nan,-1.796690307328604325e-02,-6.004728132387707890e-02,nan,-1.182033096926712358e-02,-1.702127659574468460e-02,nan,nan,0.000000000000000000e+00,nan,-1.607565011820331208e-02,0.000000000000000000e+00,nan,nan,nan,nan,nan,nan,-3.735224586288414528e-02,-6.146572104018910125e-03,-5.910165484633571331e-02,nan,-1.654846335697397405e-02
-4.842615012106476829e-04,nan,nan,nan,-6.537530266343824503e-02,-6.489104116222758900e-02,-7.990314769975785658e-02,nan,nan,nan,-7.312348668280869990e-02,-1.302663438256658479e-01,nan,nan,-6.101694915254236851e-02,-7.409200968522999808e-02,nan,nan,nan,-5.665859564164647810e-02,-1.452784503631954216e-03,nan,nan,nan,nan,nan,nan,nan,nan,-5.181598062953992473e-02,nan,nan,nan,nan,-9.878934624697331690e-02,-6.053268765133170554e-02,nan,-5.907990314769973050e-02,-8.861985472154962351e-02,-4.987893462469732142e-02,-5.617433414043578738e-02,-9.636803874092006450e-02,nan,-4.503631961259076111e-02,nan,nan,nan,-8.861985472154962351e-02,nan,nan,-2.324455205811136807e-02,nan,-1.428571428571427937e-01,nan,nan,nan,nan,nan,-3.728813559322032012e-02,nan,-8.232445520581077938e-03,-3.583535108958837284e-02,-3.874092009685228127e-02,nan,-8.135593220338979692e-02
9.555035128805620948e-02,nan,nan,nan,4.683840749414525323e-04,7.400468384074940231e-02,2.763466042154565441e-02,nan,nan,nan,7.962529274004670823e-03,3.185011709601872493e-02,nan,nan,1.686182669789226818e-02,2.716627634660419982e-02,nan,nan,nan,2.950819672131146237e-02,9.367681498829050647e-04,nan,nan,nan,nan,nan,nan,nan,nan,2.341920374707258043e-02,nan,nan,nan,nan,6.370023419203747761e-02,nan,nan,1.077283372365339664e-01,7.681498829039812293e-02,6.182669789227164536e-02,nan,1.264637002341919593e-02,nan,nan,-4.683840749414747043e-04,nan,4.777517564402809780e-02,-2.810304449648737095e-03,nan,nan,-1.733021077283371930e-02,nan,2.669789227166274870e-02,0.000000000000000000e+00,nan,nan,nan,nan,3.044496487119436809e-02,nan,1.433255269320842795e-01,0.000000000000000000e+00,3.419203747072600830e-02,nan,8.056206088992971803e-02
-8.121827411167492280e-03,nan,nan,nan,1.116751269035536412e-02,-2.538071065989799813e-03,3.908629441624368595e-02,nan,nan,nan,-2.994923857868016931e-02,5.076142131979733199e-03,nan,nan,-2.233502538071059293e-02,5.076142131979821453e-04,nan,nan,nan,-1.624365482233500885e-02,-3.553299492385719651e-03,nan,nan,nan,nan,nan,nan,nan,nan,1.218274111675131735e-02,nan,nan,nan,nan,9.390862944162442494e-02,nan,nan,7.005076142131984318e-02,2.994923857868028033e-02,-2.538071065989799813e-03,1.593908629441624925e-01,5.786802030456857093e-02,nan,1.421319796954321167e-02,7.106598984771639663e-03,nan,3.553299492385830673e-03,3.604060913705588176e-02,nan,nan,-2.081218274111671512e-02,nan,4.416243654822340353e-02,-1.624365482233500885e-02,nan,nan,nan,nan,nan,nan,9.644670050761425251e-02,0.000000000000000000e+00,3.756345177664980467e-02,nan,7.614213197969598931e-03
7.309417040358745510e-02,nan,nan,nan,8.968609865470878123e-04,1.704035874439462431e-02,2.242152466367712885e-02,nan,nan,nan,2.062780269058295257e-02,8.206278026905834688e-02,nan,nan,3.811659192825116171e-02,4.618834080717489077e-02,nan,nan,nan,1.363228699551569945e-01,2.062780269058295257e-02,nan,nan,nan,nan,nan,nan,nan,nan,5.605381165919285508e-02,nan,nan,nan,nan,2.089686098654708890e-01,nan,nan,8.968609865470851539e-02,1.071748878923766968e-01,-2.690582959641218876e-03,5.829596412556055374e-02,7.354260089686100177e-02,nan,6.008968609865472654e-02,4.170403587443947263e-02,nan,nan,7.130044843049328229e-02,nan,nan,4.484304932735439062e-04,nan,8.116591928251123966e-02,0.000000000000000000e+00,nan,nan,nan,nan,1.793721973094175625e-03,nan,8.340807174887891751e-02,0.000000000000000000e+00,6.636771300448432442e-02,nan,1.206278026905829720e-01
nan,nan,nan,nan,1.621621621621620671e-02,2.899262899262895418e-02,9.828009828009798277e-03,nan,nan,nan,-4.914004914005065672e-04,-4.226044226044230190e-02,nan,nan,-3.439803439803457066e-03,1.965601965601959655e-02,nan,nan,nan,1.154791154791154489e-01,1.228501228501226519e-02,nan,nan,nan,nan,nan,nan,nan,nan,-1.965601965601968676e-02,nan,nan,nan,nan,2.457002457002455120e-02,4.914004914004621149e-04,nan,5.700245700245694380e-02,1.277641277641277662e-01,1.572481572481570014e-02,2.751842751842747958e-02,3.341523341523337104e-02,nan,-2.506142506142507859e-02,-6.388206388206430116e-03,nan,nan,3.636363636363632024e-02,nan,nan,0.000000000000000000e+00,nan,-4.914004914005287933e-04,0.000000000000000000e+00,nan,nan,nan,nan,nan,nan,6.633906633906630490e-02,0.000000000000000000e+00,6.584766584766581221e-02,nan,3.144963144963142110e-02
1.005025125628189377e-03,nan,nan,nan,1.507537688442228772e-03,2.512562814070351362e-03,0.000000000000000000e+00,nan,nan,nan,2.220446049250313204e-17,-1.271356783919597999e-01,nan,nan,-9.045226130653260740e-03,-2.763819095477386759e-02,nan,nan,nan,-2.512562814070351362e-03,2.220446049250313204e-17,nan,nan,nan,nan,nan,nan,nan,nan,5.025125628140836298e-04,nan,nan,nan,nan,0.000000000000000000e+00,nan,nan,-3.819095477386931503e-02,2.010050251256284559e-02,5.025125628140836298e-04,nan,-1.608040201005025288e-02,nan,2.512562814070396031e-03,nan,nan,-2.311557788944722594e-02,-6.030150753768825748e-03,nan,nan,-7.035175879396971324e-03,nan,2.010050251256323244e-03,0.000000000000000000e+00,nan,nan,nan,nan,nan,nan,-7.236180904522608592e-02,0.000000000000000000e+00,-4.371859296482412394e-02,nan,-1.758793969849243785e-02
5.311004784688998226e-02,nan,nan,nan,3.684210526315791906e-02,3.540669856459330994e-02,2.870813397129188399e-02,nan,nan,nan,-6.220095693779880905e-03,4.258373205741632084e-02,nan,nan,3.875598086124406455e-02,8.133971291866038539e-03,nan,nan,nan,-1.483253588516746449e-02,-9.090909090909038426e-03,nan,nan,nan,nan,nan,nan,nan,nan,8.516746411483258616e-02,nan,nan,nan,nan,6.937799043062205240e-02,nan,nan,nan,7.368421052631582424e-02,5.263157894736858466e-03,4.401913875598092302e-02,3.205741626794260390e-02,nan,2.105263157894738876e-02,3.397129186602872858e-02,nan,nan,4.976076555023926928e-02,nan,nan,-9.569377990430227637e-04,nan,3.492822966507179439e-02,0.000000000000000000e+00,nan,nan,nan,nan,nan,nan,4.162679425837324809e-02,0.000000000000000000e+00,3.349282296650721996e-02,nan,3.779904306220099874e-02
-1.957040572792365790e-02,nan,nan,nan,-1.431980906921248619e-03,-1.431980906921248619e-03,4.773269689736903240e-04,nan,nan,nan,-1.431980906921248619e-03,-4.295942720763767757e-03,nan,nan,-4.773269689737525030e-03,6.682577565632430092e-03,nan,nan,nan,-1.431980906921248619e-03,1.909307875894938888e-03,nan,nan,nan,nan,nan,nan,nan,nan,-1.002386634844873968e-02,nan,nan,nan,nan,2.863961813842463844e-03,nan,nan,1.813842482100232884e-02,-2.004773269689741344e-02,3.818615751789944564e-03,-1.097852028639625423e-02,-4.630071599045351011e-02,nan,-1.145584725536997681e-02,-1.288782816229121567e-02,nan,nan,-1.813842482100245374e-02,nan,nan,0.000000000000000000e+00,nan,-3.961813842482105053e-02,0.000000000000000000e+00,nan,nan,nan,nan,nan,nan,-1.431980906921293071e-03,0.000000000000000000e+00,-6.205250596658773432e-03,nan,-6.730310262529841381e-02
7.250608272506083030e-02,nan,nan,nan,5.352798053527974345e-03,2.433090024330897272e-03,0.000000000000000000e+00,nan,nan,nan,3.406326034063256007e-03,2.579075425790752080e-02,nan,nan,-5.839416058394153279e-03,9.245742092457421429e-03,nan,nan,nan,1.070559610705595910e-02,4.866180048661794544e-03,nan,nan,nan,nan,nan,nan,nan,nan,1.946472019464719899e-02,nan,nan,nan,nan,1.703163017031629131e-02,3.892944038929435809e-03,nan,1.021897810218976889e-02,-9.732360097323611639e-03,-4.866180048661817095e-03,-8.272506082725051418e-03,4.574209245742093255e-02,nan,-1.946472019464728963e-03,nan,nan,nan,1.557177615571775364e-02,nan,nan,0.000000000000000000e+00,nan,-5.596107055961073440e-02,1.167883211678831870e-02,nan,nan,nan,nan,nan,nan,-4.233576642335766527e-02,0.000000000000000000e+00,9.732360097323700110e-04,nan,2.822384428223843195e-02
-2.453703703703700306e-02,nan,nan,nan,-4.166666666666651864e-03,-7.083333333333333148e-02,1.064814814814819474e-02,nan,nan,nan,-1.064814814814809586e-02,-5.648148148148143116e-02,nan,nan,-8.333333333333281176e-03,0.000000000000000000e+00,nan,nan,nan,-4.444444444444443920e-02,4.166666666666696099e-03,nan,nan,nan,nan,nan,nan,nan,nan,-4.351851851851847031e-02,nan,nan,nan,nan,0.000000000000000000e+00,nan,nan,2.314814814814847212e-03,-1.759259259259255900e-02,2.314814814814880606e-03,-2.962962962962960647e-02,1.990740740740743961e-02,nan,-3.287037037037032761e-02,-1.666666666666660745e-02,nan,-3.472222222222219601e-02,-3.472222222222218907e-02,nan,nan,-3.101851851851849043e-02,nan,-2.499999999999995628e-02,0.000000000000000000e+00,nan,nan,nan,nan,nan,nan,-3.287037037037031373e-02,0.000000000000000000e+00,-3.055555555555551292e-02,nan,2.962962962962968280e-02
-2.137767220902612314e-02,nan,nan,nan,-3.515439429928741977e-02,-6.603325415676959687e-02,-5.225653206650830718e-02,nan,nan,nan,nan,6.033254156769598392e-02,nan,nan,-6.460807600950117802e-02,-6.603325415676959687e-02,nan,nan,nan,-9.691211401425177396e-02,6.650831353919262230e-03,nan,nan,nan,nan,nan,nan,nan,nan,-1.282660332541565341e-02,nan,nan,nan,nan,-1.045130641330166144e-01,-4.845605700712588698e-02,nan,-1.520190023752968599e-02,1.045130641330168676e-02,-1.900237529691195569e-03,-2.327790973871730548e-02,-1.045130641330166421e-01,nan,-8.028503562945368821e-02,-1.002375296912113856e-01,nan,nan,-7.458432304038002669e-02,nan,nan,nan,nan,-6.175771971496435420e-02,-5.225653206650830718e-02,nan,nan,nan,nan,nan,nan,-2.850356294536815494e-02,0.000000000000000000e+00,-1.900237529691173235e-03,nan,-7.268408551068883394e-02
-4.926108374384230437e-03,nan,nan,nan,1.477832512315269088e-03,-1.182266009852216693e-01,-1.477832512315269088e-03,nan,nan,nan,-6.157635467980294985e-02,-5.960591133004926323e-02,nan,nan,-9.310344827586206073e-02,0.000000000000000000e+00,nan,nan,nan,0.000000000000000000e+00,-3.694581280788178379e-02,nan,nan,nan,nan,nan,nan,nan,nan,-1.231527093596058650e-02,nan,nan,nan,nan,-2.458128078817734541e-01,-1.182266009852216485e-02,nan,2.610837438423645532e-02,-4.581280788177340829e-02,-1.724137931034484122e-02,nan,-9.802955665024633281e-02,nan,-1.359605911330049322e-01,-2.561576354679803019e-02,nan,nan,-9.950738916256159083e-02,nan,nan,0.000000000000000000e+00,nan,-6.748768472906402360e-02,0.000000000000000000e+00,nan,nan,nan,nan,0.000000000000000000e+00,nan,-8.571428571428574283e-02,0.000000000000000000e+00,-4.334975369458128613e-02,nan,-4.827586206896552351e-02
2.304761904761904179e-01,nan,nan,nan,8.761904761904759642e-02,1.980952380952380465e-01,-4.761904761904966815e-04,nan,nan,nan,-2.220446049250313204e-17,6.714285714285708750e-02,nan,nan,1.104761904761904223e-01,2.666666666666661634e-02,nan,nan,nan,9.095238095238089571e-02,3.142857142857138214e-02,nan,nan,nan,nan,nan,nan,nan,nan,6.238095238095233558e-02,nan,nan,nan,nan,2.666666666666661634e-02,5.333333333333327431e-02,nan,1.414285714285713758e-01,1.638095238095237660e-01,6.571428571428564180e-02,7.095238095238087794e-02,8.047619047619042343e-02,nan,6.999999999999993727e-02,1.404761904761904490e-01,nan,nan,nan,nan,nan,0.000000000000000000e+00,nan,1.299999999999999489e-01,-2.380952380952394611e-03,nan,nan,nan,nan,nan,nan,5.904761904761899466e-02,0.000000000000000000e+00,1.047619047619046950e-01,nan,8.380952380952375047e-02
