-5.475040257648911349e-03,nan,nan,nan,-3.864734299516925462e-03,0.000000000000000000e+00,nan,nan,nan,nan,-3.220611916264104371e-04,0.000000000000000000e+00,nan,nan,nan,-4.186795491143313619e-03,nan,nan,nan,-3.220611916264082362e-03,-6.763285024154552447e-03,nan,-4.830917874396112484e-03,nan,nan,nan,nan,nan,nan,0.000000000000000000e+00,nan,nan,nan,nan,6.441223832528208742e-04,nan,nan,0.000000000000000000e+00,0.000000000000000000e+00,9.661835748792313655e-04,-2.576489533011261379e-03,0.000000000000000000e+00,nan,-2.898550724637694205e-03,3.542673107890514754e-03,nan,nan,1.288244766505641748e-03,nan,nan,nan,nan,-1.932367149758462731e-03,-2.898550724637649536e-03,nan,nan,nan,nan,-3.220611916264104371e-04,nan,0.000000000000000000e+00,3.220611916264104371e-04,0.000000000000000000e+00,nan,-1.288244766505641748e-03
-5.263157894736835915e-03,nan,nan,nan,-5.882352941176472241e-03,0.000000000000000000e+00,nan,nan,nan,nan,-2.786377708978338315e-03,0.000000000000000000e+00,0.000000000000000000e+00,nan,nan,3.095975232198178379e-04,nan,nan,nan,-6.191950464396356758e-04,3.095975232198178379e-04,nan,nan,nan,nan,nan,nan,nan,nan,0.000000000000000000e+00,nan,nan,nan,nan,-6.811145510835903312e-03,nan,nan,0.000000000000000000e+00,0.000000000000000000e+00,2.167182662538724540e-03,-2.476780185758520152e-03,0.000000000000000000e+00,nan,-4.953560371516996068e-03,-6.191950464396267853e-03,nan,nan,-1.547987616099066963e-03,nan,nan,nan,nan,nan,-1.238390092879271352e-03,nan,nan,nan,nan,1.238390092879271352e-03,nan,0.000000000000000000e+00,3.095975232198178379e-04,0.000000000000000000e+00,nan,-2.476780185758498034e-03
-5.329153605015735096e-03,nan,nan,nan,-4.440892098500626408e-17,0.000000000000000000e+00,nan,nan,nan,nan,-6.583072100313502872e-03,0.000000000000000000e+00,0.000000000000000000e+00,nan,nan,-3.134796238244863423e-04,nan,nan,nan,-4.075235109717923083e-03,-3.761755485893481139e-03,nan,nan,nan,nan,nan,nan,nan,nan,0.000000000000000000e+00,nan,nan,nan,nan,-1.536050156739818782e-02,nan,nan,0.000000000000000000e+00,0.000000000000000000e+00,-2.507836990595646576e-03,-4.440892098500626408e-17,0.000000000000000000e+00,nan,-1.003134796238252038e-02,-1.379310344827588963e-02,nan,0.000000000000000000e+00,0.000000000000000000e+00,nan,nan,nan,nan,nan,-2.507836990595646576e-03,nan,nan,nan,nan,-4.702194357366828656e-03,nan,0.000000000000000000e+00,0.000000000000000000e+00,0.000000000000000000e+00,nan,9.404388714733036064e-04
-1.945288753799394657e-02,nan,nan,nan,-1.155015197568394145e-02,0.000000000000000000e+00,nan,nan,nan,nan,-8.206686930091211876e-03,0.000000000000000000e+00,nan,nan,nan,-9.726443768997006245e-03,nan,nan,nan,-7.598784194528906792e-03,-1.033434650455931046e-02,nan,-1.003039513677812453e-02,nan,nan,nan,nan,nan,nan,0.000000000000000000e+00,nan,nan,nan,nan,-1.489361702127662765e-02,nan,nan,0.000000000000000000e+00,0.000000000000000000e+00,-6.079027355623134107e-03,-1.063829787234047385e-02,0.000000000000000000e+00,nan,-1.185410334346508401e-02,-1.246200607902741078e-02,nan,nan,-1.580547112462009698e-02,nan,nan,nan,nan,-1.367781155015201922e-02,-3.951367781155079757e-03,nan,nan,nan,nan,-1.519756838905816920e-03,nan,0.000000000000000000e+00,0.000000000000000000e+00,0.000000000000000000e+00,nan,-1.458966565349546426e-02
-9.433962264150918750e-03,nan,nan,nan,-9.433962264150608451e-04,0.000000000000000000e+00,nan,nan,nan,nan,-5.974842767295540646e-03,0.000000000000000000e+00,nan,nan,nan,-4.402515723270395039e-03,nan,nan,nan,-3.459119496855333868e-03,-2.515723270440228896e-03,nan,-1.886792452830166143e-03,nan,nan,nan,nan,nan,nan,0.000000000000000000e+00,nan,nan,nan,nan,-3.144654088050269532e-03,nan,nan,0.000000000000000000e+00,0.000000000000000000e+00,-1.257861635220125507e-03,-1.257861635220103389e-03,0.000000000000000000e+00,nan,-7.232704402515710389e-03,-8.490566037735814212e-03,nan,nan,-6.289308176100405273e-04,nan,nan,nan,nan,-9.433962264150918750e-03,-3.459119496855311750e-03,nan,nan,nan,nan,9.433962264151051890e-04,nan,0.000000000000000000e+00,3.144654088050424898e-04,0.000000000000000000e+00,nan,-5.660377358490542229e-03
1.106128550074736427e-02,nan,nan,nan,-2.989536621823774215e-04,0.000000000000000000e+00,nan,nan,nan,nan,-8.669656203288500160e-03,0.000000000000000000e+00,0.000000000000000000e+00,nan,5.979073243647214930e-03,9.267563527653187999e-03,nan,nan,nan,4.484304932735394718e-03,1.165919282511209722e-02,nan,nan,nan,nan,nan,nan,nan,nan,0.000000000000000000e+00,nan,nan,nan,nan,-2.690582959641240994e-03,nan,nan,0.000000000000000000e+00,0.000000000000000000e+00,8.370702541106101596e-03,1.315396113602387319e-02,0.000000000000000000e+00,nan,4.783258594917771597e-03,-3.886397608370728562e-03,nan,nan,1.793721973094153290e-03,nan,nan,nan,nan,nan,-8.968609865470655862e-04,nan,nan,nan,nan,1.674140508221222401e-02,nan,0.000000000000000000e+00,2.092675635276530777e-02,0.000000000000000000e+00,nan,1.704035874439460002e-02
6.211180124223591656e-03,nan,nan,nan,1.024844720496895754e-02,0.000000000000000000e+00,nan,nan,nan,nan,-4.968944099378869161e-03,0.000000000000000000e+00,nan,nan,2.173913043478248319e-03,8.074534161490731776e-03,nan,nan,nan,8.385093167701885078e-03,7.453416149068336702e-03,nan,nan,nan,nan,nan,nan,nan,nan,0.000000000000000000e+00,nan,nan,nan,nan,9.006211180124212498e-03,nan,nan,0.000000000000000000e+00,0.000000000000000000e+00,1.118012422360248337e-02,5.900621118012416670e-03,0.000000000000000000e+00,nan,6.211180124223591656e-03,-3.105590062111795828e-03,nan,nan,0.000000000000000000e+00,nan,nan,nan,nan,9.627329192546562470e-03,-1.242236024844700594e-03,nan,nan,nan,nan,1.645962732919252838e-02,nan,0.000000000000000000e+00,1.708074534161485580e-02,0.000000000000000000e+00,nan,2.484472049689423305e-03
-6.201550387596910414e-03,nan,nan,nan,3.100775193798588564e-04,0.000000000000000000e+00,nan,nan,nan,nan,-7.131782945736441989e-03,0.000000000000000000e+00,nan,nan,nan,-8.372093023255833613e-03,nan,nan,nan,-7.131782945736441989e-03,-8.682170542635670243e-03,nan,-7.131782945736464541e-03,nan,nan,nan,nan,nan,nan,0.000000000000000000e+00,nan,nan,nan,nan,-6.511627906976747045e-03,nan,nan,0.000000000000000000e+00,0.000000000000000000e+00,3.100775193798588564e-04,-1.302325581395349409e-02,0.000000000000000000e+00,nan,-6.201550387596887863e-03,-8.372093023255833613e-03,nan,nan,-4.031007751937987216e-03,nan,nan,nan,nan,-8.062015503875996983e-03,-3.410852713178313955e-03,nan,nan,nan,nan,-2.170542635658923199e-03,nan,0.000000000000000000e+00,-3.100775193798366303e-04,0.000000000000000000e+00,nan,-7.131782945736441989e-03
5.633802816901467732e-03,nan,nan,nan,1.283255086071990493e-02,0.000000000000000000e+00,nan,nan,nan,nan,1.314553990610334289e-02,0.000000000000000000e+00,nan,nan,nan,1.439749608763698542e-02,nan,nan,nan,1.001564945226922701e-02,1.189358372456967780e-02,nan,nan,nan,nan,nan,nan,nan,nan,0.000000000000000000e+00,nan,nan,nan,nan,-7.198748043818437199e-03,nan,nan,0.000000000000000000e+00,0.000000000000000000e+00,-1.251956181533597865e-03,7.198748043818503986e-03,0.000000000000000000e+00,nan,5.946791862284884003e-03,-6.259780907668210936e-03,nan,nan,-3.129890453834072075e-03,nan,nan,0.000000000000000000e+00,nan,9.389671361502394467e-03,-5.633802816901378394e-03,nan,nan,nan,nan,4.068857589984387242e-03,nan,0.000000000000000000e+00,1.596244131455399826e-02,0.000000000000000000e+00,nan,1.158059467918626240e-02
-9.202453987729563700e-04,nan,nan,nan,2.147239263803681769e-02,0.000000000000000000e+00,nan,nan,0.000000000000000000e+00,nan,-1.042944785276067599e-02,0.000000000000000000e+00,nan,nan,nan,-1.226993865030623311e-03,nan,nan,nan,4.907975460122715287e-03,1.042944785276076446e-02,nan,7.055214723926428108e-03,nan,nan,nan,nan,nan,nan,0.000000000000000000e+00,nan,nan,nan,nan,1.533742331288356821e-03,nan,nan,0.000000000000000000e+00,0.000000000000000000e+00,1.533742331288356821e-03,8.588957055214762812e-03,0.000000000000000000e+00,nan,2.208588957055219668e-02,-3.067484662576669407e-04,nan,nan,2.453987730061357644e-03,nan,nan,nan,nan,nan,1.226993865030689881e-03,nan,nan,nan,nan,2.300613496932522178e-02,nan,0.000000000000000000e+00,2.791411042944791365e-02,0.000000000000000000e+00,nan,1.748466257668712664e-02
-9.953343701399686508e-03,nan,nan,nan,9.331259720062101476e-04,0.000000000000000000e+00,nan,nan,nan,nan,-5.287713841368590559e-03,0.000000000000000000e+00,0.000000000000000000e+00,nan,nan,-6.842923794712296726e-03,nan,nan,nan,-3.421461897356126245e-03,-9.020217729393454134e-03,nan,nan,nan,nan,nan,nan,nan,nan,0.000000000000000000e+00,nan,nan,nan,nan,-3.421461897356126245e-03,nan,nan,0.000000000000000000e+00,0.000000000000000000e+00,-4.665629860031095082e-03,-4.043545878693622156e-03,0.000000000000000000e+00,nan,-3.732503888024840590e-03,-7.776049766718506548e-03,nan,nan,-1.555209953343683615e-03,nan,nan,nan,nan,nan,-3.421461897356104127e-03,nan,nan,nan,nan,-3.110419906687367339e-04,nan,0.000000000000000000e+00,0.000000000000000000e+00,0.000000000000000000e+00,nan,-4.043545878693599605e-03
4.665629860031161869e-03,nan,nan,nan,1.057542768273718112e-02,0.000000000000000000e+00,nan,nan,nan,nan,5.598755832037394242e-03,0.000000000000000000e+00,nan,nan,7.465007776049792203e-03,1.057542768273720367e-02,nan,nan,nan,9.020217729393497502e-03,7.153965785381055306e-03,nan,nan,nan,nan,nan,nan,nan,nan,0.000000000000000000e+00,nan,nan,nan,nan,4.354587869362403288e-03,nan,nan,0.000000000000000000e+00,0.000000000000000000e+00,1.213063763608090984e-02,1.244167962674991388e-03,0.000000000000000000e+00,nan,2.799377916018697121e-03,-9.331259720062101476e-04,nan,nan,-9.331259720062101476e-04,nan,nan,nan,nan,-3.110419906686923358e-04,-1.555209953343683615e-03,nan,nan,nan,nan,1.275272161741838363e-02,nan,0.000000000000000000e+00,0.000000000000000000e+00,0.000000000000000000e+00,nan,3.421461897356192598e-03
9.191759112519770278e-03,nan,nan,nan,1.679873217115683895e-02,0.000000000000000000e+00,nan,nan,nan,nan,-5.388272583201314872e-03,0.000000000000000000e+00,0.000000000000000000e+00,nan,nan,-3.169572107765805777e-04,nan,nan,nan,1.045958795562593711e-02,4.120443740095037014e-03,nan,5.705229793977739487e-03,nan,nan,nan,nan,nan,nan,0.000000000000000000e+00,nan,nan,nan,nan,-3.169572107765805777e-04,nan,nan,0.000000000000000000e+00,0.000000000000000000e+00,2.218700475435752932e-03,4.754358161648109156e-03,0.000000000000000000e+00,nan,4.437400950871572651e-03,-3.169572107765516837e-03,nan,nan,3.169572107765139535e-04,nan,nan,nan,nan,nan,3.169572107765139535e-04,nan,nan,nan,nan,1.458003169572104005e-02,nan,0.000000000000000000e+00,1.679873217115688405e-02,0.000000000000000000e+00,nan,3.169572107765383697e-03
-1.035598705501619178e-02,nan,nan,nan,-1.618122977346314606e-03,0.000000000000000000e+00,nan,nan,nan,nan,-2.588996763754081339e-03,0.000000000000000000e+00,nan,nan,-6.148867313915884307e-03,-3.236245954692584977e-03,nan,nan,nan,9.708737864077443980e-04,-6.148867313915884307e-03,nan,nan,nan,nan,nan,nan,nan,nan,0.000000000000000000e+00,nan,nan,nan,nan,-6.796116504854387945e-03,nan,nan,0.000000000000000000e+00,0.000000000000000000e+00,1.294498381876985158e-03,-9.708737864077887419e-04,0.000000000000000000e+00,nan,-8.737864077669943094e-03,-5.501618122977380669e-03,nan,nan,3.236245954692185340e-04,nan,nan,0.000000000000000000e+00,nan,-7.119741100323651040e-03,-1.294498381877051728e-03,nan,nan,nan,nan,-1.618122977346292488e-03,nan,0.000000000000000000e+00,-2.220446049250313204e-17,0.000000000000000000e+00,nan,-6.472491909385147402e-03
-7.098765432098796783e-03,nan,nan,nan,9.259259259259078551e-04,nan,nan,nan,nan,nan,-2.220446049250313204e-17,0.000000000000000000e+00,nan,nan,nan,0.000000000000000000e+00,nan,nan,nan,-6.172839506172866485e-04,-2.160493827160503595e-03,nan,nan,nan,nan,nan,nan,nan,nan,0.000000000000000000e+00,nan,nan,nan,nan,-6.172839506172866485e-04,nan,nan,0.000000000000000000e+00,0.000000000000000000e+00,6.172839506172866485e-04,-6.172839506172866485e-04,0.000000000000000000e+00,nan,-3.086419753086433460e-03,-3.703703703703720325e-03,nan,nan,1.851851851851837828e-03,nan,nan,3.086419753086433243e-04,nan,-4.320987654321007190e-03,3.086419753086433243e-04,nan,nan,nan,nan,0.000000000000000000e+00,nan,0.000000000000000000e+00,9.259259259259300812e-04,0.000000000000000000e+00,nan,-1.234567901234595632e-03
-7.044410413476298420e-03,nan,nan,nan,-3.981623277182255553e-03,0.000000000000000000e+00,nan,nan,nan,nan,-5.206738131699873047e-03,0.000000000000000000e+00,nan,nan,nan,-7.656967840735107167e-03,nan,nan,nan,-4.594180704441064300e-03,-8.269525267993915046e-03,nan,-5.513016845329276987e-03,nan,nan,nan,nan,nan,nan,0.000000000000000000e+00,nan,nan,nan,nan,-6.431852986217489673e-03,nan,nan,0.000000000000000000e+00,0.000000000000000000e+00,0.000000000000000000e+00,-2.756508422664638493e-03,0.000000000000000000e+00,nan,-6.431852986217489673e-03,-7.350689127105703227e-03,nan,nan,-4.287901990811660360e-03,nan,nan,0.000000000000000000e+00,nan,-8.882082695252724661e-03,-1.225114854517617060e-03,nan,nan,nan,nan,-3.369065849923447240e-03,nan,0.000000000000000000e+00,3.062787136294042650e-04,0.000000000000000000e+00,nan,-4.594180704441064300e-03
6.125574272588085300e-04,nan,nan,nan,7.963246554364511107e-03,0.000000000000000000e+00,nan,nan,nan,nan,-1.531393568146976981e-03,0.000000000000000000e+00,nan,nan,nan,7.963246554364533658e-03,nan,nan,nan,-6.125574272587641861e-04,9.800918836140936480e-03,nan,3.675344563552895849e-03,nan,nan,nan,nan,nan,nan,0.000000000000000000e+00,nan,nan,nan,nan,-2.756508422664616376e-03,nan,nan,0.000000000000000000e+00,0.000000000000000000e+00,-9.188361408881906773e-04,1.010719754977034215e-02,0.000000000000000000e+00,nan,3.062787136294264911e-04,0.000000000000000000e+00,nan,nan,1.531393568147021433e-03,nan,nan,0.000000000000000000e+00,nan,-8.575803981623209699e-03,-1.531393568147021433e-03,nan,nan,nan,nan,4.287901990811682044e-03,nan,0.000000000000000000e+00,1.010719754977034215e-02,0.000000000000000000e+00,nan,1.439509954058197996e-02
-6.832298136645919943e-03,nan,nan,nan,9.316770186335698433e-04,0.000000000000000000e+00,nan,nan,nan,nan,-3.105590062111307503e-04,0.000000000000000000e+00,0.000000000000000000e+00,nan,nan,-1.645962732919248328e-02,nan,nan,nan,-4.658385093167671624e-03,-1.521739130434778334e-02,nan,-1.118012422360246082e-02,nan,nan,nan,nan,nan,nan,0.000000000000000000e+00,nan,nan,nan,nan,2.220446049250313204e-17,nan,nan,0.000000000000000000e+00,0.000000000000000000e+00,-6.211180124223280707e-04,-4.658385093167671624e-03,0.000000000000000000e+00,nan,-4.658385093167671624e-03,-6.832298136645942495e-03,nan,nan,-7.453416149068292466e-03,nan,nan,nan,nan,nan,-7.453416149068292466e-03,nan,nan,nan,nan,3.416149068323015483e-03,nan,0.000000000000000000e+00,0.000000000000000000e+00,0.000000000000000000e+00,nan,-1.118012422360243827e-02
-9.865470852017898390e-03,nan,nan,nan,-5.979073243646881647e-04,nan,nan,nan,nan,nan,-2.092675635276508486e-03,0.000000000000000000e+00,nan,nan,nan,-4.185351270553039522e-03,nan,nan,nan,-2.690582959641218876e-03,-1.195814648729420782e-03,nan,-3.587443946188306580e-03,nan,nan,nan,nan,nan,nan,0.000000000000000000e+00,nan,nan,nan,nan,-8.968609865470832804e-03,nan,nan,0.000000000000000000e+00,0.000000000000000000e+00,-1.195814648729398664e-03,-7.473841554558968356e-03,0.000000000000000000e+00,nan,-6.278026905829547574e-03,-7.174887892376658263e-03,nan,nan,-2.391629297458863681e-03,nan,nan,0.000000000000000000e+00,nan,-8.669656203288411689e-03,-4.484304932735416402e-03,nan,nan,nan,nan,-8.968609865470433600e-04,nan,0.000000000000000000e+00,0.000000000000000000e+00,0.000000000000000000e+00,nan,-4.185351270553016971e-03
-1.185647425897034049e-02,nan,nan,nan,-6.240249609984260598e-04,0.000000000000000000e+00,nan,nan,nan,nan,-5.304212168486754919e-03,0.000000000000000000e+00,nan,nan,nan,-4.992199687987542052e-03,nan,nan,nan,1.560062402496065204e-03,-7.800312012480503827e-03,nan,-2.496099843993771026e-03,nan,nan,nan,nan,nan,nan,0.000000000000000000e+00,nan,nan,nan,nan,-1.216848673946957504e-02,nan,nan,0.000000000000000000e+00,0.000000000000000000e+00,6.240249609984260598e-04,-8.736349453978164981e-03,0.000000000000000000e+00,nan,-7.800312012480525511e-03,-1.310452418096725788e-02,nan,nan,-9.984399375975061552e-03,nan,nan,nan,nan,-1.466458658346336819e-02,-9.048361934477378715e-03,nan,nan,nan,nan,-9.360374414976834877e-04,nan,0.000000000000000000e+00,3.120124804992130299e-04,0.000000000000000000e+00,nan,-8.112324492979739246e-03
-9.216589861751134719e-03,nan,nan,nan,-2.764976958525289241e-03,0.000000000000000000e+00,nan,nan,nan,nan,-2.457757296466955670e-03,0.000000000000000000e+00,nan,nan,nan,-3.686635944700422662e-03,nan,nan,nan,3.072196620584000332e-04,-9.216589861751112167e-03,nan,-4.915514592933911339e-03,nan,nan,nan,nan,nan,nan,0.000000000000000000e+00,nan,nan,nan,nan,-6.451612903225756139e-03,nan,nan,0.000000000000000000e+00,0.000000000000000000e+00,-2.457757296466933552e-03,-6.758832565284156497e-03,0.000000000000000000e+00,nan,-6.144393241167400883e-03,-8.602150537634379104e-03,nan,nan,-7.066052227342490069e-03,nan,nan,nan,nan,-8.909370199692756911e-03,-4.608294930875556084e-03,nan,nan,nan,nan,-1.536098310291778013e-03,nan,0.000000000000000000e+00,3.072196620583778071e-04,0.000000000000000000e+00,nan,-8.909370199692779463e-03
8.909370199692800280e-03,nan,nan,nan,2.304147465437791226e-02,0.000000000000000000e+00,nan,nan,nan,nan,-1.536098310291844583e-03,0.000000000000000000e+00,0.000000000000000000e+00,nan,nan,1.044546850998466850e-02,nan,nan,nan,2.119815668202766970e-02,1.198156682027651243e-02,nan,nan,nan,nan,nan,nan,nan,nan,0.000000000000000000e+00,nan,nan,nan,nan,1.966205837173582577e-02,nan,nan,0.000000000000000000e+00,0.000000000000000000e+00,1.996927803379415847e-02,1.013824884792626814e-02,0.000000000000000000e+00,nan,1.290322580645162330e-02,4.301075268817222512e-03,nan,nan,3.072196620583733835e-03,nan,nan,nan,nan,nan,-1.228878648233511228e-03,nan,nan,nan,nan,2.027649769585255710e-02,nan,0.000000000000000000e+00,2.764976958525344752e-02,0.000000000000000000e+00,nan,1.382488479262673417e-02
-8.868501529052007920e-03,nan,nan,nan,-9.174311926605449802e-04,0.000000000000000000e+00,nan,nan,nan,nan,-8.868501529052007920e-03,0.000000000000000000e+00,nan,nan,-5.810397553516821918e-03,-6.422018348623881323e-03,nan,nan,nan,-3.975535168195732175e-03,-5.810397553516821918e-03,nan,nan,nan,nan,nan,nan,nan,nan,0.000000000000000000e+00,nan,nan,nan,nan,-7.951070336391441798e-03,nan,nan,0.000000000000000000e+00,0.000000000000000000e+00,-1.529051987767582376e-03,-2.140672782874619880e-03,0.000000000000000000e+00,nan,-1.223241590214052456e-03,0.000000000000000000e+00,nan,nan,-1.834862385321112078e-03,nan,nan,nan,nan,-6.116207951070329503e-03,6.116207951070151694e-04,nan,nan,nan,nan,2.752293577981657167e-03,nan,0.000000000000000000e+00,-3.058103975535075847e-04,0.000000000000000000e+00,nan,-9.174311926605515505e-03
-6.875000000000052944e-03,nan,nan,nan,-2.812500000000039795e-03,0.000000000000000000e+00,nan,nan,nan,nan,-1.875000000000026602e-03,0.000000000000000000e+00,nan,nan,nan,-3.125000000000022291e-03,nan,nan,nan,-4.062500000000057385e-03,-2.812500000000039795e-03,nan,-4.375000000000040315e-03,nan,nan,nan,nan,nan,nan,0.000000000000000000e+00,nan,nan,nan,nan,-4.440892098500626408e-17,nan,nan,0.000000000000000000e+00,0.000000000000000000e+00,-4.687500000000044062e-03,-5.937500000000039968e-03,0.000000000000000000e+00,nan,9.374999999999467310e-04,-6.250000000000044582e-03,nan,nan,-5.000000000000026992e-03,nan,nan,nan,nan,-4.375000000000061999e-03,-4.440892098500626408e-17,nan,nan,nan,nan,-6.250000000000311296e-04,nan,0.000000000000000000e+00,-2.220446049250313204e-17,0.000000000000000000e+00,nan,-3.750000000000031086e-03
-8.722741433021785964e-03,nan,nan,nan,-6.230529595015554464e-03,0.000000000000000000e+00,nan,nan,nan,nan,-6.542056074766322560e-03,0.000000000000000000e+00,0.000000000000000000e+00,nan,-8.722741433021808516e-03,-2.180685358255440853e-03,nan,nan,nan,9.345794392523698807e-04,-4.984423676012417030e-03,nan,nan,nan,nan,nan,nan,nan,nan,0.000000000000000000e+00,nan,nan,nan,nan,-3.738317757009323831e-03,nan,nan,0.000000000000000000e+00,0.000000000000000000e+00,-6.230529595015355405e-04,-2.492211838006186397e-03,0.000000000000000000e+00,nan,0.000000000000000000e+00,-2.803738317756998728e-03,nan,nan,-3.115264797507455441e-04,nan,nan,nan,nan,nan,-9.345794392523032023e-04,nan,nan,nan,nan,3.115264797508121683e-04,nan,0.000000000000000000e+00,0.000000000000000000e+00,0.000000000000000000e+00,nan,-8.411214953271017869e-03
6.717557251908345614e-03,nan,nan,nan,1.648854961832058041e-02,0.000000000000000000e+00,nan,nan,nan,nan,-1.832061068702328611e-03,0.000000000000000000e+00,0.000000000000000000e+00,nan,nan,1.221374045801524276e-02,nan,nan,nan,9.465648854961771635e-03,4.580152671755666378e-03,nan,nan,nan,nan,nan,nan,nan,nan,0.000000000000000000e+00,nan,nan,nan,nan,3.053435114503799848e-03,nan,nan,0.000000000000000000e+00,0.000000000000000000e+00,1.679389312977097592e-02,9.465648854961794187e-03,0.000000000000000000e+00,nan,1.221374045801524276e-02,-6.106870229008132473e-04,nan,0.000000000000000000e+00,0.000000000000000000e+00,nan,nan,nan,nan,nan,0.000000000000000000e+00,nan,nan,nan,nan,1.160305343511445174e-02,nan,0.000000000000000000e+00,1.526717557251902092e-02,0.000000000000000000e+00,nan,1.251908396946559490e-02
-9.259259259259277827e-03,nan,nan,nan,9.259259259259300812e-04,0.000000000000000000e+00,nan,nan,nan,nan,-1.234567901234573297e-03,0.000000000000000000e+00,nan,nan,nan,-1.111111111111109419e-02,nan,nan,nan,-6.790123456790153784e-03,-8.950617283950634828e-03,nan,-1.080246913580242864e-02,nan,nan,nan,nan,nan,nan,0.000000000000000000e+00,nan,nan,nan,nan,-1.450617283950614810e-02,nan,nan,0.000000000000000000e+00,0.000000000000000000e+00,-4.629629629629650189e-03,-5.864197530864223920e-03,0.000000000000000000e+00,nan,2.777777777777790027e-03,-6.790123456790109549e-03,nan,nan,-4.320987654320962087e-03,nan,nan,-3.086419753086411342e-03,nan,-3.395061728395076892e-03,3.086419753086433243e-04,nan,nan,nan,nan,1.543209876543216730e-03,nan,0.000000000000000000e+00,3.086419753086433243e-04,0.000000000000000000e+00,nan,-6.790123456790131233e-03
-5.837173579109089863e-03,nan,nan,nan,-3.379416282642089091e-03,0.000000000000000000e+00,nan,nan,nan,nan,-6.451612903225800374e-03,0.000000000000000000e+00,nan,nan,-3.379416282642066973e-03,-9.523809523809535077e-03,nan,nan,nan,6.144393241167778403e-04,-5.837173579109044760e-03,nan,nan,nan,nan,nan,nan,nan,nan,0.000000000000000000e+00,nan,nan,nan,nan,-5.222734254992334249e-03,nan,nan,0.000000000000000000e+00,0.000000000000000000e+00,-9.216589861751334212e-04,-4.301075268817200828e-03,0.000000000000000000e+00,nan,-8.909370199692779463e-03,-7.680491551459311603e-03,nan,nan,-3.993855606758823021e-03,nan,nan,nan,nan,-6.451612903225800374e-03,-2.764976958525333477e-03,nan,nan,nan,nan,3.993855606758867256e-03,nan,0.000000000000000000e+00,-3.072196620583778071e-04,0.000000000000000000e+00,nan,-1.843317972350222390e-03
3.686635944700511567e-03,nan,nan,nan,-3.072196620583334090e-04,0.000000000000000000e+00,nan,nan,nan,nan,1.136712749615977937e-02,0.000000000000000000e+00,nan,nan,nan,7.373271889400933796e-03,nan,nan,nan,1.105990783410140156e-02,8.602150537634445024e-03,nan,nan,nan,nan,nan,nan,nan,nan,0.000000000000000000e+00,nan,nan,nan,nan,4.440892098500626408e-17,nan,nan,0.000000000000000000e+00,0.000000000000000000e+00,4.440892098500626408e-17,6.451612903225800374e-03,0.000000000000000000e+00,nan,9.831029185867933701e-03,1.228878648233533346e-03,nan,nan,3.072196620583778071e-04,nan,nan,nan,nan,5.837173579109089863e-03,2.220446049250313204e-17,nan,nan,nan,nan,8.909370199692800280e-03,nan,0.000000000000000000e+00,1.536098310291866831e-02,0.000000000000000000e+00,nan,1.044546850998466850e-02
4.629629629629583402e-03,nan,nan,nan,1.728395061728391774e-02,0.000000000000000000e+00,nan,nan,nan,nan,-5.246913580246937055e-03,0.000000000000000000e+00,nan,nan,nan,1.697530864197527301e-02,nan,nan,nan,1.358024691358021910e-02,8.333333333333303727e-03,nan,1.820987654320984500e-02,nan,nan,nan,nan,nan,nan,0.000000000000000000e+00,nan,nan,nan,nan,7.407407407407395547e-03,nan,nan,0.000000000000000000e+00,0.000000000000000000e+00,1.512345679012343583e-02,1.728395061728391774e-02,0.000000000000000000e+00,nan,1.080246913580245119e-02,-3.086419753086433243e-04,nan,nan,0.000000000000000000e+00,nan,nan,0.000000000000000000e+00,nan,1.543209876543172277e-03,-3.086419753086433243e-04,nan,nan,nan,nan,1.358024691358021910e-02,nan,0.000000000000000000e+00,2.314814814814813992e-02,0.000000000000000000e+00,nan,6.172839506172822684e-03
-5.928237129485136418e-03,nan,nan,nan,1.248049921996918690e-03,0.000000000000000000e+00,nan,nan,nan,nan,1.872074882995366975e-03,0.000000000000000000e+00,nan,nan,nan,-3.432137285491387944e-03,nan,nan,nan,-4.368174726989071215e-03,-8.736349453978142429e-03,nan,-4.368174726989049531e-03,nan,nan,nan,nan,nan,nan,0.000000000000000000e+00,nan,nan,nan,nan,-3.120124804992174643e-03,nan,nan,0.000000000000000000e+00,0.000000000000000000e+00,3.120124804992352560e-04,-1.560062402496065204e-03,0.000000000000000000e+00,nan,-4.992199687987497816e-03,4.440892098500626408e-17,nan,nan,-9.360374414976391439e-04,nan,nan,nan,nan,-5.928237129485136418e-03,-2.808112324492917540e-03,nan,nan,nan,nan,-3.120124804992174643e-03,nan,0.000000000000000000e+00,3.120124804992352560e-04,0.000000000000000000e+00,nan,-4.680187207488262398e-03
1.236476043276679791e-03,nan,nan,nan,7.727975270479148402e-03,0.000000000000000000e+00,nan,nan,nan,nan,-2.782071097372429240e-03,0.000000000000000000e+00,nan,nan,nan,6.491499227202468178e-03,nan,nan,nan,3.709428129830016820e-03,2.163833075734178466e-03,nan,2.472952086553337030e-03,nan,nan,nan,nan,nan,nan,0.000000000000000000e+00,nan,nan,nan,nan,-2.472952086553292794e-03,nan,nan,0.000000000000000000e+00,0.000000000000000000e+00,-2.163833075734133797e-03,1.731066460587329242e-02,0.000000000000000000e+00,nan,-6.182380216383287497e-03,1.854714064915019469e-03,nan,0.000000000000000000e+00,1.545595054095860689e-03,nan,nan,nan,nan,nan,0.000000000000000000e+00,nan,nan,nan,nan,1.669242658423495534e-02,nan,0.000000000000000000e+00,3.091190108191810065e-04,0.000000000000000000e+00,nan,-6.800618238021605491e-03
4.855842185128978090e-03,nan,nan,nan,-2.731411229135049905e-03,0.000000000000000000e+00,nan,nan,0.000000000000000000e+00,nan,-3.338391502276172491e-03,0.000000000000000000e+00,nan,nan,nan,1.062215477996963919e-02,nan,nan,nan,7.587253414264027995e-03,7.890743550834588421e-03,nan,nan,nan,nan,nan,nan,nan,nan,0.000000000000000000e+00,nan,nan,nan,nan,1.517450682852805599e-03,nan,nan,0.000000000000000000e+00,0.000000000000000000e+00,1.578148710166917684e-02,1.183611532625188437e-02,0.000000000000000000e+00,nan,0.000000000000000000e+00,4.855842185128978090e-03,nan,nan,3.338391502276172491e-03,nan,nan,nan,nan,nan,1.517450682852805599e-03,nan,nan,nan,nan,1.213960546282244479e-02,nan,0.000000000000000000e+00,6.069802731411222613e-04,0.000000000000000000e+00,nan,7.587253414264027995e-03
7.418856259659945170e-03,nan,nan,nan,2.782071097372487006e-02,0.000000000000000000e+00,nan,nan,nan,nan,-1.854714064915041804e-03,0.000000000000000000e+00,0.000000000000000000e+00,nan,nan,1.329211746522409622e-02,nan,nan,nan,1.205564142194741686e-02,8.655332302936602842e-03,nan,1.452859350850073047e-02,nan,nan,nan,nan,nan,nan,0.000000000000000000e+00,nan,nan,nan,nan,3.091190108191632473e-03,nan,nan,0.000000000000000000e+00,0.000000000000000000e+00,3.400309119010769352e-03,1.916537867078820304e-02,0.000000000000000000e+00,nan,7.109737248840763621e-03,3.400309119010791470e-03,nan,nan,2.782071097372473909e-03,nan,nan,nan,nan,nan,1.236476043276635338e-03,nan,nan,nan,nan,2.472952086553319509e-02,nan,0.000000000000000000e+00,2.905718701700148524e-02,0.000000000000000000e+00,nan,4.327666151468290145e-03
-1.559220389805100401e-02,nan,nan,nan,-2.398800599700168408e-03,0.000000000000000000e+00,nan,nan,nan,nan,-1.259370314842580586e-02,0.000000000000000000e+00,0.000000000000000000e+00,nan,nan,-7.796101949025513282e-03,nan,nan,nan,-7.496251874062997977e-03,-1.589205397301354100e-02,nan,-9.295352323838112357e-03,nan,nan,nan,nan,nan,nan,0.000000000000000000e+00,nan,nan,nan,nan,-4.797601199400336816e-03,nan,nan,0.000000000000000000e+00,0.000000000000000000e+00,-2.998500749625376935e-04,-9.295352323838112357e-03,0.000000000000000000e+00,nan,-8.995502248875597920e-03,-5.697151424287882730e-03,nan,0.000000000000000000e+00,-9.595202398800651081e-03,nan,nan,nan,nan,nan,-2.998500749625221569e-03,nan,nan,nan,nan,-2.698650674662705830e-03,nan,0.000000000000000000e+00,0.000000000000000000e+00,0.000000000000000000e+00,nan,-1.529235382308851213e-02
1.840490797546046097e-03,nan,nan,nan,-2.453987730061335526e-03,0.000000000000000000e+00,nan,nan,nan,nan,3.374233128834358466e-03,0.000000000000000000e+00,nan,nan,nan,-3.067484662576669407e-04,nan,nan,nan,9.815950920245430575e-03,-2.147239263803668585e-03,nan,7.361963190184095049e-03,nan,nan,nan,nan,nan,nan,0.000000000000000000e+00,nan,nan,nan,nan,-1.165644171779134375e-02,nan,nan,0.000000000000000000e+00,0.000000000000000000e+00,5.828220858895738661e-03,8.588957055214762812e-03,0.000000000000000000e+00,nan,-1.012269938650300904e-02,-9.815950920245342104e-03,nan,nan,-5.521472392638004933e-03,nan,nan,nan,nan,-4.601226993865004111e-03,-5.521472392638004933e-03,nan,nan,nan,nan,9.509202453987763634e-03,nan,0.000000000000000000e+00,3.067484662576669407e-04,0.000000000000000000e+00,nan,3.067484662577113388e-04
4.984423676012483817e-03,nan,nan,nan,1.993769470404989017e-02,0.000000000000000000e+00,nan,nan,nan,nan,-2.180685358255418736e-03,0.000000000000000000e+00,nan,nan,nan,1.682242990654208084e-02,nan,nan,nan,1.495327102803740635e-02,8.722741433021829333e-03,nan,1.028037383177573573e-02,nan,nan,nan,nan,nan,nan,0.000000000000000000e+00,nan,nan,nan,nan,1.308411214953273359e-02,nan,nan,0.000000000000000000e+00,0.000000000000000000e+00,1.806853582554519486e-02,1.059190031152650383e-02,0.000000000000000000e+00,nan,1.433021806853587189e-02,1.557632398753905313e-03,nan,nan,3.115264797507810626e-03,nan,nan,nan,nan,2.803738317757042964e-03,0.000000000000000000e+00,nan,nan,nan,nan,1.651090342679129019e-02,nan,0.000000000000000000e+00,1.931464174454831234e-02,0.000000000000000000e+00,nan,6.542056074766389347e-03
1.001517450682851661e-02,nan,nan,nan,-5.462822458270099810e-03,0.000000000000000000e+00,nan,nan,nan,nan,1.547799696509861642e-02,0.000000000000000000e+00,nan,nan,3.034901365705611307e-04,1.153262518968132221e-02,nan,nan,nan,1.517450682852805599e-03,2.731411229135049905e-03,nan,nan,nan,nan,nan,nan,nan,nan,0.000000000000000000e+00,nan,nan,nan,nan,-3.034901365705611307e-04,nan,nan,0.000000000000000000e+00,0.000000000000000000e+00,-1.517450682852805599e-03,9.104704097116833594e-03,0.000000000000000000e+00,nan,9.408194233687394020e-03,9.104704097116833377e-04,nan,nan,2.731411229135049905e-03,nan,nan,nan,nan,nan,0.000000000000000000e+00,nan,nan,nan,nan,9.408194233687394020e-03,nan,0.000000000000000000e+00,2.336874051593320484e-02,0.000000000000000000e+00,nan,-3.034901365705611307e-04
-9.861325115562391899e-03,nan,nan,nan,4.440892098500626408e-17,0.000000000000000000e+00,nan,nan,nan,nan,-6.471494607087779731e-03,0.000000000000000000e+00,nan,nan,nan,-8.012326656394397340e-03,nan,nan,nan,4.440892098500626408e-17,-5.855161787365159402e-03,nan,-5.238828967642494838e-03,nan,nan,nan,nan,nan,nan,0.000000000000000000e+00,nan,nan,nan,nan,-1.232665639445262775e-03,nan,nan,0.000000000000000000e+00,0.000000000000000000e+00,-1.232665639445240657e-03,-6.163328197226492118e-03,0.000000000000000000e+00,nan,-3.697996918335855112e-03,2.773497688751969288e-03,nan,nan,2.773497688751969288e-03,nan,nan,nan,nan,nan,2.220446049250313204e-17,nan,nan,nan,nan,1.540832049306661844e-03,nan,0.000000000000000000e+00,0.000000000000000000e+00,0.000000000000000000e+00,nan,-5.546995377503805003e-03
-1.399688958009337458e-02,nan,nan,nan,-1.555209953343728068e-03,0.000000000000000000e+00,nan,nan,nan,nan,-2.177293934681267997e-03,0.000000000000000000e+00,0.000000000000000000e+00,nan,nan,-1.057542768273722622e-02,nan,nan,nan,-9.331259720062257818e-03,-8.398133748056025444e-03,nan,-6.842923794712340961e-03,nan,nan,nan,nan,nan,nan,0.000000000000000000e+00,nan,nan,nan,nan,-1.648522550544329057e-02,nan,nan,0.000000000000000000e+00,0.000000000000000000e+00,-3.110419906688033581e-04,-5.598755832037394242e-03,0.000000000000000000e+00,nan,-1.275272161741840618e-02,-8.087091757387265128e-03,nan,nan,-9.953343701399752427e-03,nan,nan,nan,nan,nan,-5.909797822706108587e-03,nan,nan,nan,nan,3.110419906687145078e-04,nan,0.000000000000000000e+00,0.000000000000000000e+00,0.000000000000000000e+00,nan,-1.181959564541217381e-02
9.253731343283532959e-03,nan,nan,nan,-4.440892098500626408e-17,0.000000000000000000e+00,nan,nan,nan,nan,-6.268656716417941518e-03,0.000000000000000000e+00,0.000000000000000000e+00,nan,6.567164179104434743e-03,-2.985074626866035421e-04,nan,nan,nan,5.373134328358153064e-03,7.462686567164133859e-03,nan,nan,nan,nan,nan,nan,nan,nan,0.000000000000000000e+00,nan,nan,nan,nan,3.880597014925335660e-03,nan,nan,0.000000000000000000e+00,0.000000000000000000e+00,1.522388059701484941e-02,9.850746268656696350e-03,0.000000000000000000e+00,nan,1.373134328358205369e-02,5.970149253730960620e-04,nan,nan,8.955223880596774322e-04,nan,nan,nan,nan,nan,-2.220446049250313204e-17,nan,nan,nan,nan,1.552238805970145366e-02,nan,0.000000000000000000e+00,2.119402985074625434e-02,0.000000000000000000e+00,nan,5.671641791044734759e-03
-1.212121212121211079e-02,nan,nan,nan,-2.727272727272711441e-03,0.000000000000000000e+00,nan,nan,nan,nan,-5.454545454545467117e-03,0.000000000000000000e+00,nan,nan,-7.575757575757546478e-03,-6.060606060606099632e-04,nan,nan,nan,-9.090909090909038860e-04,-6.363636363636371654e-03,nan,nan,nan,nan,nan,nan,nan,nan,0.000000000000000000e+00,nan,nan,nan,nan,-1.545454545454547600e-02,nan,nan,0.000000000000000000e+00,0.000000000000000000e+00,-4.848484848484835470e-03,-4.848484848484835470e-03,0.000000000000000000e+00,nan,-1.090909090909089087e-02,-6.666666666666665360e-03,nan,nan,-3.939393939393953485e-03,nan,nan,nan,nan,-1.242424242424242618e-02,-5.757575757575783375e-03,nan,nan,nan,nan,9.090909090908816598e-04,nan,0.000000000000000000e+00,3.030303030302938685e-04,0.000000000000000000e+00,nan,-8.181818181818178992e-03
-6.431852986217489673e-03,nan,nan,nan,-6.431852986217489673e-03,0.000000000000000000e+00,nan,nan,nan,nan,3.062787136293598669e-04,0.000000000000000000e+00,nan,nan,nan,-1.225114854517639395e-03,nan,nan,nan,9.188361408881906773e-04,-4.287901990811660360e-03,nan,-2.143950995405830180e-03,nan,nan,nan,nan,nan,nan,0.000000000000000000e+00,nan,nan,nan,nan,-7.044410413476298420e-03,nan,nan,0.000000000000000000e+00,0.000000000000000000e+00,-9.188361408882129034e-04,-6.431852986217489673e-03,0.000000000000000000e+00,nan,-6.431852986217489673e-03,-3.369065849923469358e-03,nan,0.000000000000000000e+00,-3.062787136294487173e-04,nan,nan,nan,nan,-6.125574272588085734e-03,3.062787136293820931e-04,nan,nan,nan,nan,3.675344563552784827e-03,nan,0.000000000000000000e+00,0.000000000000000000e+00,0.000000000000000000e+00,nan,-5.206738131699873047e-03
1.123244929797193557e-02,nan,nan,nan,7.488299531981312644e-03,0.000000000000000000e+00,nan,nan,nan,nan,1.341653666146649417e-02,0.000000000000000000e+00,0.000000000000000000e+00,nan,nan,8.736349453978187532e-03,nan,nan,nan,1.778471138845556451e-02,7.176287051482099777e-03,nan,1.092043681747272357e-02,nan,nan,nan,nan,nan,nan,0.000000000000000000e+00,nan,nan,nan,nan,9.360374414976834877e-04,nan,nan,0.000000000000000000e+00,0.000000000000000000e+00,1.029641185647429610e-02,8.424336973478951246e-03,0.000000000000000000e+00,nan,1.029641185647429610e-02,1.872074882995344858e-03,nan,nan,2.184087363494580276e-03,nan,nan,nan,nan,nan,-3.120124804992130299e-04,nan,nan,nan,nan,1.310452418096728043e-02,nan,0.000000000000000000e+00,0.000000000000000000e+00,0.000000000000000000e+00,nan,1.123244929797195812e-02
-2.748091603053404337e-03,nan,nan,nan,1.435114503816798878e-02,0.000000000000000000e+00,nan,nan,nan,nan,-8.549618320610652758e-03,0.000000000000000000e+00,0.000000000000000000e+00,nan,nan,1.190839694656495827e-02,nan,nan,nan,1.068702290076339878e-02,3.664122137404635104e-03,nan,-6.106870229007599696e-03,nan,nan,nan,nan,nan,nan,nan,nan,nan,nan,nan,6.106870229008132473e-04,nan,nan,0.000000000000000000e+00,0.000000000000000000e+00,-3.053435114503732844e-04,8.854961832061091637e-03,0.000000000000000000e+00,nan,9.465648854961882658e-03,-2.442748091603008827e-03,nan,nan,-9.160305343511199617e-04,nan,nan,nan,nan,nan,-9.160305343511199617e-04,nan,nan,nan,nan,1.068702290076339878e-02,nan,0.000000000000000000e+00,1.435114503816798878e-02,0.000000000000000000e+00,nan,6.412213740458061126e-03
3.840472673559802708e-03,nan,nan,nan,8.271787296898102521e-03,0.000000000000000000e+00,nan,nan,nan,nan,-5.317577548005880672e-03,0.000000000000000000e+00,nan,nan,5.612998522895096265e-03,1.033973412112263422e-02,nan,nan,nan,1.624815361890696863e-02,1.063515509601182726e-02,nan,nan,nan,nan,nan,nan,nan,nan,0.000000000000000000e+00,nan,nan,nan,nan,1.181683899556866882e-02,nan,nan,0.000000000000000000e+00,0.000000000000000000e+00,1.742983751846381019e-02,8.567208271787297297e-03,0.000000000000000000e+00,nan,1.093057607090102204e-02,1.772525849335293557e-03,nan,nan,3.249630723781371522e-03,nan,nan,0.000000000000000000e+00,nan,3.840472673559802708e-03,2.954209748892155929e-04,nan,nan,nan,nan,1.979320531757755575e-02,nan,0.000000000000000000e+00,1.861152141802069337e-02,0.000000000000000000e+00,nan,5.317577548005880672e-03
-6.853582554517134891e-03,nan,nan,nan,9.345794392523032023e-04,0.000000000000000000e+00,nan,nan,nan,nan,-8.099688473520249773e-03,0.000000000000000000e+00,0.000000000000000000e+00,nan,-6.853582554517156575e-03,-5.919003115264831472e-03,nan,nan,nan,-3.115264797508121683e-04,-3.115264797507832743e-03,nan,nan,nan,nan,nan,nan,nan,nan,0.000000000000000000e+00,nan,nan,nan,nan,-1.090342679127727019e-02,nan,nan,0.000000000000000000e+00,0.000000000000000000e+00,-4.984423676012483817e-03,-4.984423676012483817e-03,0.000000000000000000e+00,nan,-4.361370716510925942e-03,-5.295950155763296148e-03,nan,nan,-1.557632398753927647e-03,nan,nan,nan,nan,nan,-4.984423676012483817e-03,nan,nan,nan,nan,4.049844236760091927e-03,nan,0.000000000000000000e+00,-3.115264797507788508e-03,0.000000000000000000e+00,nan,-8.099688473520294876e-03
2.852614896988891861e-03,nan,nan,nan,7.606973058637089488e-03,nan,nan,nan,nan,nan,-2.220446049250313204e-17,0.000000000000000000e+00,nan,nan,-9.508716323296528827e-04,-3.169572107765583516e-04,nan,nan,nan,3.803486529318522626e-03,3.169572107765428366e-03,nan,nan,nan,nan,nan,nan,nan,nan,0.000000000000000000e+00,nan,nan,nan,nan,2.218700475435819719e-03,nan,nan,0.000000000000000000e+00,0.000000000000000000e+00,3.169572107765139535e-04,-2.535657686212400459e-03,0.000000000000000000e+00,nan,3.486529318541942320e-03,9.508716323296084304e-04,nan,0.000000000000000000e+00,2.218700475435819719e-03,nan,nan,1.584786053882680790e-03,nan,nan,2.218700475435797601e-03,nan,nan,nan,nan,7.290015847860509615e-03,nan,0.000000000000000000e+00,9.508716323296306783e-03,0.000000000000000000e+00,nan,2.852614896988891861e-03
-1.055900621118006574e-02,nan,nan,nan,-6.832298136645919943e-03,0.000000000000000000e+00,nan,nan,nan,nan,-9.316770186335254994e-04,0.000000000000000000e+00,nan,nan,nan,-1.118012422360243827e-02,nan,nan,nan,-3.416149068322949130e-03,-6.832298136645898259e-03,nan,-3.726708074534079880e-03,nan,nan,nan,nan,nan,nan,0.000000000000000000e+00,nan,nan,nan,nan,-4.347826086956452403e-03,nan,nan,0.000000000000000000e+00,0.000000000000000000e+00,-3.416149068322926578e-03,9.316770186335920695e-04,0.000000000000000000e+00,nan,-4.658385093167649940e-03,-1.024844720496889162e-02,nan,nan,-2.484472049689401187e-03,nan,nan,-2.795031055900576607e-03,nan,-6.832298136645898259e-03,-1.863354037267050999e-03,nan,nan,nan,nan,5.900621118012460906e-03,nan,0.000000000000000000e+00,0.000000000000000000e+00,0.000000000000000000e+00,nan,-1.863354037267050999e-03
-7.866868381240576386e-03,nan,nan,nan,-2.220446049250313204e-17,0.000000000000000000e+00,nan,nan,nan,nan,-3.328290468986416784e-03,0.000000000000000000e+00,nan,nan,nan,-1.815431164901666269e-02,nan,nan,nan,-1.210287443267779074e-02,-8.774583963691396510e-03,nan,-1.512859304084723799e-02,nan,nan,nan,nan,nan,nan,0.000000000000000000e+00,nan,nan,nan,nan,-1.028744326777613141e-02,nan,nan,0.000000000000000000e+00,0.000000000000000000e+00,-2.118003025718650980e-03,-9.077155824508343490e-03,0.000000000000000000e+00,nan,-2.118003025718628862e-03,1.210287443267765804e-03,nan,0.000000000000000000e+00,-1.210287443267781329e-02,nan,nan,nan,nan,nan,1.210287443267765804e-03,nan,nan,nan,nan,-9.077155824508409410e-04,nan,0.000000000000000000e+00,0.000000000000000000e+00,0.000000000000000000e+00,nan,-9.077155824508320939e-03
6.666666666666598573e-03,nan,nan,nan,2.727272727272689323e-03,nan,nan,nan,nan,nan,-1.818181818181852007e-03,0.000000000000000000e+00,nan,nan,nan,1.939393939393934188e-02,nan,nan,nan,1.151515151515147828e-02,1.060606060606053037e-02,nan,nan,nan,nan,nan,nan,nan,nan,0.000000000000000000e+00,nan,nan,nan,nan,-5.151515151515217647e-03,nan,nan,0.000000000000000000e+00,0.000000000000000000e+00,2.515151515151510184e-02,2.060606060606056181e-02,0.000000000000000000e+00,nan,5.454545454545378647e-03,-3.030303030303094051e-03,nan,nan,-2.121212121212190382e-03,nan,nan,0.000000000000000000e+00,nan,9.090909090909015874e-03,-3.636363636363681897e-03,nan,nan,nan,nan,2.787878787878781545e-02,nan,0.000000000000000000e+00,2.333333333333327195e-02,0.000000000000000000e+00,nan,1.848484848484841653e-02
3.100775193798433089e-03,nan,nan,nan,7.441860465116278620e-03,0.000000000000000000e+00,nan,nan,nan,nan,3.100775193798366303e-04,0.000000000000000000e+00,nan,nan,5.891472868217029549e-03,6.821705426356561124e-03,nan,nan,nan,1.240310077519379828e-02,4.031007751937942980e-03,nan,nan,nan,nan,nan,nan,nan,nan,0.000000000000000000e+00,nan,nan,nan,nan,-2.220446049250313204e-17,nan,nan,0.000000000000000000e+00,0.000000000000000000e+00,3.100775193798144041e-04,9.612403100775157583e-03,0.000000000000000000e+00,nan,1.085271317829452666e-02,6.201550387596732605e-04,nan,0.000000000000000000e+00,1.860465116279041899e-03,nan,nan,nan,nan,nan,0.000000000000000000e+00,nan,nan,nan,nan,1.705426356589145875e-02,nan,0.000000000000000000e+00,1.550387596899227560e-02,0.000000000000000000e+00,nan,3.410852713178269720e-03
8.320493066255773423e-03,nan,nan,nan,1.386748844375962353e-02,0.000000000000000000e+00,nan,nan,nan,nan,-2.465331278890614455e-03,0.000000000000000000e+00,0.000000000000000000e+00,nan,nan,9.244992295839749019e-03,nan,nan,nan,9.553158705701036632e-03,6.163328197226513802e-03,nan,8.012326656394442442e-03,nan,nan,nan,nan,nan,nan,nan,nan,nan,nan,nan,9.244992295839749019e-03,nan,nan,0.000000000000000000e+00,0.000000000000000000e+00,1.848998459167949891e-03,1.140215716486903119e-02,0.000000000000000000e+00,nan,1.171032357473034136e-02,-3.389830508474567065e-03,nan,nan,-1.848998459167949891e-03,nan,nan,nan,nan,nan,1.232665639445285110e-03,nan,nan,nan,nan,1.910631741140216347e-02,nan,0.000000000000000000e+00,1.571648690292759554e-02,0.000000000000000000e+00,nan,1.664098613251154685e-02
9.077155824507964887e-04,nan,nan,nan,6.051437216338939606e-04,0.000000000000000000e+00,nan,nan,nan,nan,-4.538577912254204705e-03,0.000000000000000000e+00,0.000000000000000000e+00,nan,nan,9.984871406959139328e-03,nan,nan,nan,1.331316187594551101e-02,7.866868381240510466e-03,nan,7.261724659606616505e-03,nan,nan,nan,nan,nan,nan,0.000000000000000000e+00,nan,nan,nan,nan,2.723146747352500705e-03,nan,nan,0.000000000000000000e+00,0.000000000000000000e+00,2.420574886535553725e-03,8.472012102874404427e-03,0.000000000000000000e+00,nan,1.603630862329801302e-02,1.815431164901659764e-03,nan,nan,3.025718608169403016e-03,nan,nan,nan,nan,nan,6.051437216338939606e-04,nan,nan,nan,nan,1.754916792738270281e-02,nan,0.000000000000000000e+00,2.148260211800301356e-02,0.000000000000000000e+00,nan,-6.051437216339161868e-04
-7.040000000000001985e-03,nan,nan,nan,2.240000000000041871e-03,0.000000000000000000e+00,nan,nan,nan,nan,-4.159999999999985758e-03,0.000000000000000000e+00,nan,nan,-6.719999999999992472e-03,-2.559999999999984597e-03,nan,nan,nan,-1.599999999999956925e-03,-1.599999999999979260e-03,nan,nan,nan,nan,nan,nan,nan,nan,0.000000000000000000e+00,nan,nan,nan,nan,-9.280000000000000054e-03,nan,nan,0.000000000000000000e+00,0.000000000000000000e+00,-1.279999999999969964e-03,-2.879999999999971558e-03,0.000000000000000000e+00,nan,-8.639999999999981029e-03,-1.055999999999996872e-02,nan,nan,-6.079999999999996865e-03,nan,nan,-1.279999999999947846e-03,nan,-1.216000000000001455e-02,-6.399999999999739231e-04,nan,nan,nan,nan,-6.399999999999516969e-04,nan,0.000000000000000000e+00,3.200000000000091877e-04,0.000000000000000000e+00,nan,-3.839999999999976679e-03
-5.856515373352832662e-03,nan,nan,nan,1.171303074670615452e-03,0.000000000000000000e+00,nan,nan,nan,nan,-1.464128843338152654e-03,0.000000000000000000e+00,0.000000000000000000e+00,nan,nan,-1.756954612005823214e-03,nan,nan,nan,-1.171303074670504429e-03,-4.099560761346964996e-03,nan,nan,nan,nan,nan,nan,nan,nan,0.000000000000000000e+00,nan,nan,nan,nan,-8.784773060028783220e-04,nan,nan,0.000000000000000000e+00,0.000000000000000000e+00,8.784773060029448920e-04,5.856515373353410108e-04,0.000000000000000000e+00,nan,0.000000000000000000e+00,1.171303074670615452e-03,nan,0.000000000000000000e+00,3.513909224011757450e-03,nan,nan,nan,nan,nan,8.784773060029448920e-04,nan,nan,nan,nan,-8.784773060029005482e-04,nan,0.000000000000000000e+00,8.784773060029448920e-04,0.000000000000000000e+00,nan,-1.756954612005801096e-03
-1.057401812688825091e-02,nan,nan,nan,-6.042296072507946430e-04,0.000000000000000000e+00,nan,nan,nan,nan,-5.135951661631432512e-03,0.000000000000000000e+00,0.000000000000000000e+00,nan,nan,-8.761329305135978976e-03,nan,nan,nan,-1.812688821752273015e-03,-7.250755287009092061e-03,nan,-4.229607250755296546e-03,nan,nan,nan,nan,nan,nan,-3.625377643504546030e-03,nan,nan,nan,nan,-5.740181268882182594e-03,nan,nan,0.000000000000000000e+00,0.000000000000000000e+00,-5.438066465256840946e-03,-5.438066465256819262e-03,0.000000000000000000e+00,nan,0.000000000000000000e+00,-1.057401812688823009e-02,nan,nan,-7.250755287009113745e-03,nan,nan,nan,nan,nan,-5.135951661631432512e-03,nan,nan,nan,nan,3.021148036253418104e-04,0.000000000000000000e+00,0.000000000000000000e+00,0.000000000000000000e+00,nan,nan,-9.365558912386750742e-03
2.220446049250313204e-17,nan,nan,nan,9.174311926605893241e-04,0.000000000000000000e+00,nan,nan,nan,nan,-2.446483180428127464e-03,0.000000000000000000e+00,nan,nan,nan,9.480122324159045641e-03,nan,nan,nan,6.727828746177388908e-03,6.727828746177388908e-03,nan,6.116207951070329503e-03,nan,nan,nan,nan,nan,nan,0.000000000000000000e+00,nan,nan,nan,nan,3.058103975535186869e-03,nan,nan,0.000000000000000000e+00,0.000000000000000000e+00,9.174311926605893241e-04,4.892966360856276613e-03,0.000000000000000000e+00,nan,8.256880733944971934e-03,2.220446049250313204e-17,nan,nan,1.223241590214096909e-03,nan,nan,nan,nan,nan,2.446483180428171700e-03,nan,nan,nan,nan,1.100917431192660612e-02,nan,0.000000000000000000e+00,1.223241590214063645e-02,0.000000000000000000e+00,nan,3.975535168195709623e-03
8.477237048665587499e-03,nan,nan,nan,-2.197802197802212112e-03,0.000000000000000000e+00,nan,nan,nan,nan,-4.081632653061250879e-03,0.000000000000000000e+00,nan,nan,nan,2.511773940345363339e-03,nan,nan,nan,3.453689167974905057e-03,-1.569858712715821404e-03,nan,7.221350078492938356e-03,nan,nan,nan,nan,nan,nan,0.000000000000000000e+00,nan,nan,nan,nan,-2.825745682888558367e-03,nan,nan,0.000000000000000000e+00,0.000000000000000000e+00,0.000000000000000000e+00,-1.224489795918364335e-02,0.000000000000000000e+00,nan,1.883830455258972414e-03,-6.279434850863463641e-04,nan,nan,6.279434850863463641e-04,nan,nan,nan,nan,nan,3.139717425431731821e-04,nan,nan,nan,nan,7.221350078492894120e-03,nan,0.000000000000000000e+00,1.098901098901094997e-02,0.000000000000000000e+00,nan,-7.535321821036089149e-03
8.709677419354844990e-03,nan,nan,nan,-3.225806451612633799e-04,0.000000000000000000e+00,nan,nan,0.000000000000000000e+00,nan,8.709677419354844990e-03,0.000000000000000000e+00,nan,nan,nan,6.774193548387108695e-03,nan,nan,nan,9.354838709677437344e-03,6.451612903225822926e-03,nan,3.225806451612922739e-03,nan,nan,nan,nan,nan,nan,0.000000000000000000e+00,nan,nan,nan,nan,-3.225806451612633799e-04,nan,nan,0.000000000000000000e+00,0.000000000000000000e+00,1.709677419354838079e-02,1.064516129032260297e-02,0.000000000000000000e+00,nan,9.354838709677437344e-03,-9.677419354838345377e-04,nan,nan,3.225806451612856060e-04,nan,nan,nan,nan,nan,-1.290322580645142424e-03,nan,nan,nan,nan,2.290322580645163392e-02,nan,0.000000000000000000e+00,1.903225806451615959e-02,0.000000000000000000e+00,nan,1.387096774193550229e-02
1.220657276995307239e-02,nan,nan,nan,-1.251956181533642101e-03,0.000000000000000000e+00,nan,nan,nan,nan,1.251956181533642101e-03,0.000000000000000000e+00,nan,nan,2.816901408450722590e-03,1.251956181533664435e-03,nan,nan,nan,2.503912363067328870e-03,0.000000000000000000e+00,nan,nan,nan,nan,nan,nan,nan,nan,0.000000000000000000e+00,nan,nan,nan,nan,2.816901408450722590e-03,nan,nan,0.000000000000000000e+00,0.000000000000000000e+00,6.572769953051671443e-03,5.946791862284838900e-03,0.000000000000000000e+00,nan,-5.007824726134568402e-03,-1.877934272300452092e-03,nan,nan,-2.190923317683846246e-03,nan,nan,0.000000000000000000e+00,nan,7.511737089201919390e-03,-4.694835680751130447e-03,nan,nan,nan,nan,6.572769953051671443e-03,nan,0.000000000000000000e+00,3.129890453834161088e-04,0.000000000000000000e+00,nan,8.137715179968729381e-03
1.437308868501532312e-02,nan,nan,nan,1.987767584097861404e-02,0.000000000000000000e+00,nan,nan,nan,nan,1.223241590214072493e-02,0.000000000000000000e+00,nan,nan,nan,7.339449541284426629e-03,nan,nan,nan,1.957186544342510645e-02,1.467889908256883071e-02,nan,8.868501529052007920e-03,nan,nan,nan,nan,nan,nan,0.000000000000000000e+00,nan,nan,nan,nan,1.834862385321112078e-03,nan,nan,0.000000000000000000e+00,0.000000000000000000e+00,1.253822629969423251e-02,7.339449541284404077e-03,0.000000000000000000e+00,nan,-4.587155963302747344e-03,-6.116207951070151694e-04,nan,nan,5.198776758409828433e-03,nan,nan,nan,nan,nan,1.529051987767648946e-03,nan,nan,nan,nan,2.293577981651380090e-02,nan,0.000000000000000000e+00,0.000000000000000000e+00,0.000000000000000000e+00,nan,9.785932721712575777e-03
-1.860465116279019782e-03,nan,nan,nan,-3.100775193798144041e-04,0.000000000000000000e+00,nan,nan,nan,nan,1.240310077519384338e-02,0.000000000000000000e+00,0.000000000000000000e+00,nan,2.790697674418662812e-03,1.860465116279108686e-03,nan,nan,nan,6.201550387596910414e-03,-6.201550387596510344e-04,nan,nan,nan,nan,nan,nan,nan,nan,nan,nan,nan,nan,nan,-5.271317829457333737e-03,nan,nan,0.000000000000000000e+00,0.000000000000000000e+00,1.860465116279130804e-03,8.062015503875996983e-03,0.000000000000000000e+00,nan,3.410852713178313955e-03,2.220446049250313204e-17,nan,0.000000000000000000e+00,1.550387596899272056e-03,nan,nan,nan,nan,nan,-6.201550387596732605e-04,nan,nan,nan,nan,1.674418604651162212e-02,nan,0.000000000000000000e+00,1.550387596899227560e-02,0.000000000000000000e+00,nan,2.790697674418618577e-03
-8.099688473520272325e-03,nan,nan,nan,-3.115264797507832743e-03,0.000000000000000000e+00,nan,nan,nan,nan,-3.426791277258622957e-03,0.000000000000000000e+00,nan,nan,-7.788161993769504229e-03,-1.246105919003159769e-03,nan,nan,nan,1.246105919003093199e-03,-4.049844236760136162e-03,nan,nan,nan,nan,nan,nan,nan,nan,0.000000000000000000e+00,nan,nan,nan,nan,-2.220446049250313204e-17,nan,nan,0.000000000000000000e+00,0.000000000000000000e+00,1.246105919003071081e-03,-1.246105919003137651e-03,0.000000000000000000e+00,nan,-4.361370716510925942e-03,-1.869158878504717427e-03,nan,nan,-9.345794392523698807e-04,nan,nan,nan,nan,nan,-1.869158878504717427e-03,nan,nan,nan,nan,-4.440892098500626408e-17,nan,0.000000000000000000e+00,0.000000000000000000e+00,0.000000000000000000e+00,nan,-5.295950155763251913e-03
2.476780185758564821e-03,nan,nan,nan,1.331269349845205438e-02,nan,nan,nan,nan,nan,8.668730650154832240e-03,0.000000000000000000e+00,nan,nan,nan,8.668730650154854792e-03,nan,nan,nan,9.287925696594446015e-03,3.715170278637813621e-03,nan,nan,nan,nan,nan,nan,nan,nan,0.000000000000000000e+00,nan,nan,nan,nan,-3.715170278637725150e-03,nan,nan,0.000000000000000000e+00,0.000000000000000000e+00,2.167182662538724540e-03,8.359133126935036628e-03,0.000000000000000000e+00,nan,8.049535603715218465e-03,-4.953560371516996068e-03,nan,nan,-2.167182662538636069e-03,nan,nan,0.000000000000000000e+00,nan,-1.238390092879182447e-03,-4.334365325077338058e-03,nan,nan,nan,nan,1.331269349845205438e-02,nan,0.000000000000000000e+00,1.300309597523223795e-02,0.000000000000000000e+00,nan,2.476780185758586939e-03
-3.536977491961379363e-03,nan,nan,nan,2.572347266881091880e-03,0.000000000000000000e+00,nan,nan,nan,nan,1.286173633440590392e-03,0.000000000000000000e+00,nan,nan,nan,9.646302250804428486e-04,nan,nan,nan,-1.286173633440479370e-03,-3.536977491961379363e-03,nan,-3.858520900321504681e-03,nan,nan,nan,nan,nan,nan,0.000000000000000000e+00,nan,nan,nan,nan,-1.607717041800604905e-03,nan,nan,0.000000000000000000e+00,0.000000000000000000e+00,1.607717041800693593e-03,-9.646302250803761701e-04,0.000000000000000000e+00,nan,1.286173633440568275e-03,1.929260450160819127e-03,nan,nan,3.536977491961446150e-03,nan,nan,nan,nan,nan,-9.646302250803096001e-04,nan,nan,nan,nan,9.646302250804428486e-04,nan,0.000000000000000000e+00,6.430868167202729701e-04,0.000000000000000000e+00,nan,-3.215434083601231927e-03
-1.060842433697344392e-02,nan,nan,nan,2.496099843993793144e-03,0.000000000000000000e+00,nan,nan,nan,nan,-6.240249609984371837e-03,0.000000000000000000e+00,nan,nan,nan,-3.432137285491387944e-03,nan,nan,nan,3.120124804992263547e-03,-6.552262090483607256e-03,nan,nan,nan,nan,nan,nan,nan,nan,0.000000000000000000e+00,nan,nan,nan,nan,-1.560062402496087321e-03,nan,nan,0.000000000000000000e+00,0.000000000000000000e+00,3.120124804992574280e-04,-7.176287051482032990e-03,0.000000000000000000e+00,nan,-1.029641185647425274e-02,-2.496099843993726357e-03,nan,0.000000000000000000e+00,9.360374414977057139e-04,nan,nan,nan,nan,nan,-9.048361934477311061e-03,nan,nan,nan,nan,6.240249609984482859e-04,nan,0.000000000000000000e+00,3.120124804992352560e-04,0.000000000000000000e+00,nan,-6.864274570982820123e-03
-1.176470588235287683e-02,nan,nan,nan,-3.405572755417884869e-03,0.000000000000000000e+00,nan,nan,nan,nan,-1.052631578947365101e-02,0.000000000000000000e+00,nan,nan,nan,-8.049535603715129994e-03,nan,nan,nan,-4.953560371516974384e-03,-9.907120743033992136e-03,nan,-9.907120743033992136e-03,nan,nan,nan,nan,nan,nan,0.000000000000000000e+00,nan,nan,nan,nan,-5.263157894736814231e-03,nan,nan,0.000000000000000000e+00,0.000000000000000000e+00,-2.476780185758498034e-03,-2.167182662538658187e-03,0.000000000000000000e+00,nan,-5.882352941176427139e-03,-5.263157894736791680e-03,nan,nan,-4.643962848297133669e-03,nan,nan,nan,nan,-9.597523219814196524e-03,-3.715170278637702599e-03,nan,nan,nan,nan,2.167182662538747091e-03,nan,0.000000000000000000e+00,9.287925696594534052e-04,0.000000000000000000e+00,nan,-6.501547987616040913e-03
-4.440892098500626408e-17,nan,nan,nan,1.236476043276657499e-02,0.000000000000000000e+00,nan,nan,nan,nan,1.143740340030907632e-02,0.000000000000000000e+00,nan,nan,nan,3.400309119010747234e-03,nan,nan,nan,8.346213292117422161e-03,3.709428129829927916e-03,nan,7.418856259659900934e-03,nan,nan,nan,nan,nan,nan,0.000000000000000000e+00,nan,nan,nan,nan,3.091190108191588237e-03,nan,nan,0.000000000000000000e+00,0.000000000000000000e+00,1.545595054095794119e-03,1.143740340030909887e-02,0.000000000000000000e+00,nan,3.400309119010791470e-03,3.091190108190922103e-04,nan,nan,3.091190108191588237e-03,nan,nan,nan,nan,nan,1.854714064914952899e-03,nan,nan,nan,nan,1.267387944358573312e-02,nan,0.000000000000000000e+00,1.112828438948993900e-02,0.000000000000000000e+00,nan,1.112828438948991819e-02
8.503937007874041304e-03,nan,nan,nan,2.519685039370100736e-03,0.000000000000000000e+00,nan,nan,nan,nan,7.559055118110257973e-03,0.000000000000000000e+00,0.000000000000000000e+00,nan,nan,3.149606299212614861e-03,nan,nan,nan,8.503937007874041304e-03,2.834645669291369074e-03,nan,8.188976377952817201e-03,nan,nan,nan,nan,nan,nan,0.000000000000000000e+00,nan,nan,nan,nan,-1.574803149606296372e-03,nan,nan,0.000000000000000000e+00,0.000000000000000000e+00,-3.149606299212570626e-03,3.779527559055173656e-03,0.000000000000000000e+00,nan,9.133858267716576246e-03,-2.204724409448810714e-03,nan,nan,1.889763779527586828e-03,nan,nan,nan,nan,nan,0.000000000000000000e+00,nan,nan,nan,nan,2.204724409448832832e-03,nan,0.000000000000000000e+00,1.291338582677166100e-02,0.000000000000000000e+00,nan,3.779527559055151538e-03
-6.748466257668783719e-03,nan,nan,nan,-4.907975460122715287e-03,0.000000000000000000e+00,nan,nan,nan,nan,-2.453987730061446548e-03,0.000000000000000000e+00,nan,nan,nan,-6.441717791411116778e-03,nan,nan,nan,-3.987730061349781252e-03,-8.895705521472452304e-03,nan,-1.042944785276078701e-02,nan,nan,nan,nan,nan,nan,0.000000000000000000e+00,nan,nan,nan,nan,-2.760736196319091371e-03,nan,nan,0.000000000000000000e+00,0.000000000000000000e+00,-2.760736196319113489e-03,-3.680981595092114311e-03,0.000000000000000000e+00,nan,-1.533742331288423608e-03,-4.601226993865070898e-03,nan,nan,1.226993865030645645e-03,nan,nan,0.000000000000000000e+00,nan,-6.134969325153449837e-03,-7.361963190184073365e-03,nan,nan,nan,nan,1.533742331288312586e-03,0.000000000000000000e+00,0.000000000000000000e+00,3.067484662576669407e-04,nan,nan,-7.975460122699451482e-03
-9.188361408882017578e-03,nan,nan,nan,-2.450229709035167767e-03,0.000000000000000000e+00,nan,nan,nan,nan,-6.738131699846805142e-03,0.000000000000000000e+00,nan,nan,nan,-5.819295558958570772e-03,nan,nan,nan,-3.062787136293953962e-03,-4.287901990811549338e-03,nan,-3.675344563552762709e-03,nan,nan,nan,nan,nan,nan,0.000000000000000000e+00,nan,nan,nan,nan,-6.125574272587997263e-03,nan,nan,0.000000000000000000e+00,0.000000000000000000e+00,-1.225114854517594942e-03,-9.188361408881684511e-04,0.000000000000000000e+00,nan,-7.656967840734996145e-03,-6.738131699846783458e-03,nan,nan,-4.594180704440997513e-03,nan,nan,nan,nan,-7.350689127105592205e-03,-2.143950995405785511e-03,nan,nan,nan,nan,9.188361408882129034e-04,nan,0.000000000000000000e+00,0.000000000000000000e+00,0.000000000000000000e+00,nan,-3.981623277182188766e-03
-1.860465116279108686e-03,nan,nan,nan,9.302325581395098908e-04,0.000000000000000000e+00,nan,nan,nan,nan,-1.550387596899249721e-03,0.000000000000000000e+00,0.000000000000000000e+00,nan,nan,-9.302325581395764608e-04,nan,nan,nan,-9.302325581395543431e-04,-1.240310077519413091e-03,nan,-4.651162790697704712e-03,nan,nan,nan,nan,nan,nan,0.000000000000000000e+00,nan,nan,nan,nan,2.480620155038759829e-03,nan,nan,0.000000000000000000e+00,0.000000000000000000e+00,3.100775193798433089e-03,-2.170542635658945316e-03,0.000000000000000000e+00,nan,9.302325581395098908e-04,0.000000000000000000e+00,nan,nan,2.790697674418596459e-03,nan,nan,nan,nan,nan,-2.220446049250313204e-17,nan,nan,nan,nan,6.201550387596732605e-04,nan,0.000000000000000000e+00,3.100775193798366303e-04,0.000000000000000000e+00,nan,-2.790697674418618577e-03
-1.036106750392471430e-02,nan,nan,nan,-5.965463108320290080e-03,0.000000000000000000e+00,nan,nan,nan,nan,-4.709576138147620120e-03,0.000000000000000000e+00,nan,nan,nan,-6.279434850863463424e-03,nan,nan,nan,-5.965463108320290080e-03,-1.004709576138154183e-02,nan,-8.477237048665675970e-03,nan,nan,nan,nan,nan,nan,0.000000000000000000e+00,nan,nan,nan,nan,-2.825745682888558367e-03,nan,nan,0.000000000000000000e+00,0.000000000000000000e+00,-3.453689167974905057e-03,-6.907378335949810114e-03,0.000000000000000000e+00,nan,-5.651491365777116735e-03,-4.395604395604446775e-03,nan,nan,-6.907378335949831798e-03,nan,nan,nan,nan,-9.733124018838367614e-03,-1.883830455259038984e-03,nan,nan,nan,nan,2.825745682888447345e-03,nan,0.000000000000000000e+00,3.139717425431509559e-04,0.000000000000000000e+00,nan,-1.255886970172692685e-02
3.318250377073894697e-03,nan,nan,nan,1.297134238310710883e-02,0.000000000000000000e+00,nan,nan,nan,nan,-2.111613876319751171e-03,0.000000000000000000e+00,nan,nan,nan,9.351432880844634879e-03,nan,nan,nan,1.176470588235292193e-02,9.049773755656076446e-03,nan,nan,nan,nan,nan,nan,nan,nan,0.000000000000000000e+00,nan,nan,nan,nan,1.809954751131215289e-03,nan,nan,0.000000000000000000e+00,0.000000000000000000e+00,1.900452488687787156e-02,8.446455505279049786e-03,0.000000000000000000e+00,nan,7.843137254901978023e-03,-3.016591251885358815e-03,nan,nan,4.524886877828038223e-03,nan,nan,nan,nan,1.809954751131215289e-03,3.016591251885358815e-04,nan,nan,nan,nan,1.990950226244347920e-02,nan,0.000000000000000000e+00,1.990950226244347920e-02,0.000000000000000000e+00,nan,4.524886877828038223e-03
4.885496183206150360e-03,nan,nan,nan,1.526717557251913195e-02,0.000000000000000000e+00,nan,nan,nan,nan,-6.106870229007244511e-04,0.000000000000000000e+00,nan,nan,6.717557251908456636e-03,7.328244274809181738e-03,nan,nan,nan,1.129770992366416725e-02,6.106870229007665615e-03,nan,nan,nan,nan,nan,nan,nan,nan,0.000000000000000000e+00,nan,nan,nan,nan,-3.053435114503288863e-04,nan,nan,0.000000000000000000e+00,0.000000000000000000e+00,1.068702290076339878e-02,1.007633587786265286e-02,0.000000000000000000e+00,nan,1.221374045801528786e-02,-3.358778625954150689e-03,nan,nan,-1.221374045801471020e-03,nan,nan,0.000000000000000000e+00,nan,4.274809160305381890e-03,-1.221374045801493138e-03,nan,nan,nan,nan,1.038167938931300327e-02,nan,0.000000000000000000e+00,1.709923664122146164e-02,0.000000000000000000e+00,nan,1.312977099236645184e-02
-1.270801815431168470e-02,nan,nan,nan,6.051437216338828584e-03,0.000000000000000000e+00,nan,nan,nan,nan,-3.630862329803363764e-03,0.000000000000000000e+00,nan,nan,nan,-4.236006051437257725e-03,nan,nan,nan,-1.815431164901704000e-03,-8.472012102874492898e-03,nan,nan,nan,nan,nan,nan,nan,nan,0.000000000000000000e+00,nan,nan,nan,nan,-9.379727685325311287e-03,nan,nan,0.000000000000000000e+00,0.000000000000000000e+00,3.025718608169380899e-03,1.512859304084645997e-03,0.000000000000000000e+00,nan,-7.261724659606704976e-03,-8.472012102874470346e-03,nan,nan,7.866868381240510466e-03,nan,nan,nan,nan,-9.379727685325311287e-03,-3.933434190620310744e-03,nan,nan,nan,nan,-2.420574886535597960e-03,nan,0.000000000000000000e+00,0.000000000000000000e+00,0.000000000000000000e+00,nan,-2.723146747352522823e-03
2.543720190779064170e-03,nan,nan,nan,6.359300476947548752e-04,0.000000000000000000e+00,nan,nan,nan,nan,-5.087440381558039001e-03,0.000000000000000000e+00,0.000000000000000000e+00,nan,nan,2.861685214626397047e-03,nan,nan,nan,4.451510333863284777e-03,-1.589825119236865179e-03,nan,5.087440381558039001e-03,nan,nan,nan,nan,nan,nan,0.000000000000000000e+00,nan,nan,nan,nan,-7.631160572337059370e-03,nan,nan,0.000000000000000000e+00,0.000000000000000000e+00,1.717011128775838141e-02,-8.903020667726569554e-03,0.000000000000000000e+00,nan,-7.313195548489681390e-03,-5.087440381558039001e-03,nan,nan,0.000000000000000000e+00,nan,nan,nan,nan,nan,-9.538950715421324212e-04,nan,nan,nan,nan,1.271860095389509837e-02,nan,0.000000000000000000e+00,0.000000000000000000e+00,0.000000000000000000e+00,nan,-9.538950715421324212e-04
6.614173228346431274e-03,nan,nan,nan,-3.779527559055128987e-03,0.000000000000000000e+00,nan,nan,nan,nan,2.519685039370056501e-03,0.000000000000000000e+00,0.000000000000000000e+00,nan,nan,1.259842519685028250e-03,nan,nan,nan,1.889763779527564493e-03,1.259842519685006133e-03,nan,1.322834645669290765e-02,nan,nan,nan,nan,nan,nan,0.000000000000000000e+00,nan,nan,nan,nan,-2.204724409448832832e-03,nan,nan,0.000000000000000000e+00,0.000000000000000000e+00,8.188976377952728730e-03,8.188976377952749547e-03,0.000000000000000000e+00,nan,3.149606299212548508e-03,-2.204724409448810714e-03,nan,nan,-6.299212598425585775e-04,nan,nan,nan,nan,nan,-1.259842519685072703e-03,nan,nan,nan,nan,9.448818897637756981e-03,nan,0.000000000000000000e+00,9.448818897637822900e-03,0.000000000000000000e+00,nan,-6.929133858267722164e-03
3.405572755417929538e-03,nan,nan,nan,-2.476780185758542703e-03,0.000000000000000000e+00,nan,nan,nan,nan,-5.263157894736902702e-03,0.000000000000000000e+00,nan,nan,nan,6.501547987616085149e-03,nan,nan,nan,9.287925696594400912e-03,-7.739938080495356934e-03,nan,8.978328173374582749e-03,nan,nan,nan,nan,nan,nan,0.000000000000000000e+00,nan,nan,nan,nan,-4.024767801857631784e-03,nan,nan,0.000000000000000000e+00,0.000000000000000000e+00,3.095975232198178379e-04,6.811145510835903312e-03,0.000000000000000000e+00,nan,-6.191950464396312089e-03,-4.643962848297244692e-03,nan,nan,4.643962848297200456e-03,nan,nan,nan,nan,nan,9.287925696594534052e-04,nan,nan,nan,nan,1.238390092879255652e-02,nan,0.000000000000000000e+00,-3.095975232198178379e-04,0.000000000000000000e+00,nan,5.263157894736814231e-03
2.503912363067262083e-03,nan,nan,nan,-2.503912363067328870e-03,0.000000000000000000e+00,nan,nan,nan,nan,4.694835680751152998e-03,0.000000000000000000e+00,0.000000000000000000e+00,nan,8.763693270735496005e-03,1.126760563380275679e-02,nan,nan,nan,1.032863849765253139e-02,6.885758998434976692e-03,nan,nan,nan,nan,nan,nan,nan,nan,0.000000000000000000e+00,nan,nan,nan,nan,-6.259780907668544437e-04,nan,nan,0.000000000000000000e+00,0.000000000000000000e+00,6.572769953051627208e-03,4.068857589984320455e-03,0.000000000000000000e+00,nan,-5.320813771518051460e-03,-6.259780907668544437e-04,nan,nan,3.129890453833938826e-04,nan,nan,nan,nan,nan,0.000000000000000000e+00,nan,nan,nan,nan,1.784037558685445252e-02,nan,0.000000000000000000e+00,3.129890453833938826e-04,0.000000000000000000e+00,nan,1.158059467918617393e-02
-6.269592476489061145e-04,nan,nan,nan,3.134796238244197180e-04,0.000000000000000000e+00,nan,nan,nan,nan,-3.134796238244574700e-03,0.000000000000000000e+00,nan,nan,nan,-2.821316614420110638e-03,nan,nan,nan,3.761755485893347566e-03,2.507836990595579789e-03,nan,6.269592476488616622e-04,nan,nan,nan,nan,nan,nan,0.000000000000000000e+00,nan,nan,nan,nan,-3.448275862069016644e-03,nan,nan,0.000000000000000000e+00,0.000000000000000000e+00,4.075235109717856297e-03,3.761755485893392235e-03,0.000000000000000000e+00,nan,-2.194357366771204632e-03,-2.507836990595646576e-03,nan,nan,-6.269592476489283406e-04,nan,nan,0.000000000000000000e+00,nan,3.134796238243975461e-04,-1.880877742946762687e-03,nan,nan,nan,nan,4.388714733542254005e-03,nan,0.000000000000000000e+00,3.134796238244508346e-03,0.000000000000000000e+00,nan,2.194357366771160396e-03
4.274809160305359339e-03,nan,nan,nan,6.106870229007910211e-04,0.000000000000000000e+00,nan,nan,nan,nan,4.885496183206128676e-03,0.000000000000000000e+00,0.000000000000000000e+00,nan,nan,3.969465648854986380e-03,nan,nan,nan,7.938931297709927656e-03,8.549618320610718677e-03,nan,4.885496183206150360e-03,nan,nan,nan,nan,nan,nan,0.000000000000000000e+00,nan,nan,nan,nan,5.496183206106874594e-03,nan,nan,0.000000000000000000e+00,0.000000000000000000e+00,4.885496183206128676e-03,9.465648854961839290e-03,0.000000000000000000e+00,nan,9.770992366412234800e-03,2.137404580152701787e-03,nan,nan,2.748091603053470691e-03,nan,nan,nan,nan,nan,0.000000000000000000e+00,nan,nan,nan,nan,9.465648854961861841e-03,nan,0.000000000000000000e+00,1.526717557251910939e-02,0.000000000000000000e+00,nan,6.106870229007910211e-04
-6.790123456790042762e-03,nan,nan,nan,-1.543209876543194612e-03,0.000000000000000000e+00,nan,nan,nan,nan,-2.777777777777745791e-03,0.000000000000000000e+00,0.000000000000000000e+00,nan,nan,-4.629629629629583402e-03,nan,nan,nan,-2.160493827160481044e-03,-2.777777777777767909e-03,nan,nan,nan,nan,nan,nan,nan,nan,0.000000000000000000e+00,nan,nan,nan,nan,-2.469135802469102359e-03,nan,nan,0.000000000000000000e+00,0.000000000000000000e+00,1.234567901234573297e-03,-9.259259259259300812e-04,0.000000000000000000e+00,nan,-3.086419753086389224e-03,-2.777777777777745791e-03,nan,nan,-3.086419753085989262e-04,nan,nan,nan,nan,nan,-9.259259259259300812e-04,nan,nan,nan,nan,3.395061728395076892e-03,nan,0.000000000000000000e+00,-3.086419753086433243e-04,0.000000000000000000e+00,nan,-3.086419753086211523e-04
-8.503937007874062121e-03,nan,nan,nan,-4.440892098500626408e-17,0.000000000000000000e+00,nan,nan,nan,nan,-4.440892098500626408e-17,0.000000000000000000e+00,nan,nan,-8.188976377952817201e-03,-5.984251968503983936e-03,nan,nan,nan,-5.354330708661469811e-03,-5.669291338582738149e-03,nan,nan,nan,nan,nan,nan,nan,nan,0.000000000000000000e+00,nan,nan,nan,nan,-5.984251968503983936e-03,nan,nan,0.000000000000000000e+00,0.000000000000000000e+00,-3.149606299212903476e-04,-5.354330708661469811e-03,0.000000000000000000e+00,nan,-2.204724409448877067e-03,-6.614173228346498061e-03,nan,nan,-4.724409448818955685e-03,nan,nan,1.574803149606229802e-03,nan,-2.519685039370123288e-03,1.889763779527497923e-03,nan,nan,nan,nan,-1.889763779527586828e-03,nan,0.000000000000000000e+00,3.149606299212237776e-04,0.000000000000000000e+00,nan,-6.614173228346498061e-03
-9.230769230769242037e-03,nan,nan,nan,3.384615384615430322e-03,0.000000000000000000e+00,nan,nan,nan,nan,-5.538461538461514691e-03,0.000000000000000000e+00,nan,nan,nan,-1.846153846153852831e-03,nan,nan,nan,6.153846153846398003e-04,-5.538461538461558926e-03,nan,-6.153846153846132157e-03,nan,nan,nan,nan,nan,nan,0.000000000000000000e+00,nan,nan,nan,nan,-3.076923076923066078e-03,nan,nan,0.000000000000000000e+00,0.000000000000000000e+00,1.538461538461577491e-03,1.230769230769257483e-03,0.000000000000000000e+00,nan,-5.538461538461536375e-03,-2.769230769230746070e-03,nan,nan,-1.846153846153830713e-03,nan,nan,0.000000000000000000e+00,nan,-6.461538461538451732e-03,-6.153846153845954564e-04,nan,nan,nan,nan,2.769230769230812857e-03,nan,0.000000000000000000e+00,0.000000000000000000e+00,0.000000000000000000e+00,nan,-3.076923076923043961e-03
-6.738131699846894480e-03,nan,nan,nan,-1.837672281776425807e-03,nan,nan,nan,nan,nan,-2.756508422664616376e-03,0.000000000000000000e+00,nan,nan,nan,-5.819295558958681794e-03,nan,nan,nan,-4.900459418070468240e-03,-5.819295558958681794e-03,nan,-5.819295558958659242e-03,nan,nan,nan,nan,nan,nan,0.000000000000000000e+00,nan,nan,nan,nan,-1.347626339969372131e-02,nan,nan,0.000000000000000000e+00,0.000000000000000000e+00,1.225114854517617060e-03,-5.206738131699850496e-03,0.000000000000000000e+00,nan,-6.738131699846894480e-03,-4.594180704441041749e-03,nan,nan,-1.133231240428786944e-02,nan,nan,3.062787136294042650e-04,nan,-1.071975497702906156e-02,-4.287901990811660360e-03,nan,nan,nan,nan,-1.225114854517617060e-03,nan,0.000000000000000000e+00,0.000000000000000000e+00,0.000000000000000000e+00,nan,-7.656967840735040380e-03
-4.018547140649153700e-03,nan,nan,nan,-1.236476043276657456e-03,0.000000000000000000e+00,nan,nan,nan,nan,9.273570324574764495e-04,0.000000000000000000e+00,nan,nan,nan,-4.636785162287493378e-03,nan,nan,nan,-2.163833075734178466e-03,-1.545595054095838571e-03,nan,-1.236476043276657456e-03,nan,nan,nan,nan,nan,nan,0.000000000000000000e+00,nan,nan,nan,nan,-2.472952086553314912e-03,nan,nan,0.000000000000000000e+00,0.000000000000000000e+00,2.472952086553337030e-03,3.091190108191588346e-04,0.000000000000000000e+00,nan,3.091190108191677142e-03,4.636785162287493378e-03,nan,nan,1.545595054095794119e-03,nan,nan,0.000000000000000000e+00,nan,-3.091190108191588346e-04,-3.091190108191588346e-04,nan,nan,nan,nan,9.273570324574764495e-04,0.000000000000000000e+00,0.000000000000000000e+00,3.091190108191588346e-04,nan,nan,-6.182380216383176691e-04
-1.408882082695248582e-02,nan,nan,nan,-3.369065849923447240e-03,0.000000000000000000e+00,nan,nan,nan,nan,-7.656967840735107167e-03,0.000000000000000000e+00,nan,nan,nan,-4.287901990811660360e-03,nan,nan,nan,-3.369065849923447240e-03,-7.044410413476298420e-03,nan,-9.188361408882106049e-03,nan,nan,nan,nan,nan,nan,0.000000000000000000e+00,nan,nan,nan,nan,-6.431852986217467989e-03,nan,nan,0.000000000000000000e+00,0.000000000000000000e+00,-9.188361408882129034e-04,-2.143950995405830180e-03,0.000000000000000000e+00,nan,-3.981623277182255553e-03,-3.981623277182233869e-03,nan,nan,-2.450229709035234120e-03,nan,nan,0.000000000000000000e+00,nan,-6.431852986217489673e-03,1.837672281776425807e-03,nan,nan,nan,nan,0.000000000000000000e+00,nan,0.000000000000000000e+00,3.062787136294042650e-04,0.000000000000000000e+00,nan,-5.206738131699873047e-03
6.399999999999917040e-03,nan,nan,nan,2.047999999999996351e-02,0.000000000000000000e+00,nan,nan,nan,nan,1.663999999999996732e-02,0.000000000000000000e+00,nan,nan,nan,7.039999999999957750e-03,nan,nan,nan,1.471999999999993279e-02,8.319999999999948964e-03,nan,nan,nan,nan,nan,nan,nan,nan,0.000000000000000000e+00,nan,nan,nan,nan,-4.160000000000029993e-03,nan,nan,0.000000000000000000e+00,0.000000000000000000e+00,9.599999999999831108e-04,1.215999999999992608e-02,0.000000000000000000e+00,nan,1.567999999999993704e-02,-4.800000000000049019e-03,nan,nan,-6.661338147750938996e-17,nan,nan,-2.880000000000082581e-03,nan,6.399999999999938724e-03,-2.240000000000063989e-03,nan,nan,nan,nan,1.343999999999994158e-02,nan,0.000000000000000000e+00,1.983999999999998959e-02,0.000000000000000000e+00,nan,1.151999999999995215e-02
1.327433628318586134e-02,nan,nan,nan,2.300884955752215827e-02,0.000000000000000000e+00,nan,nan,nan,nan,-5.899705014749234699e-03,0.000000000000000000e+00,0.000000000000000000e+00,nan,nan,1.091445427728614595e-02,nan,nan,nan,1.651917404129794528e-02,6.489675516224213854e-03,nan,3.539823008849563111e-03,nan,nan,nan,nan,nan,nan,0.000000000000000000e+00,nan,nan,nan,nan,8.849557522124130039e-04,nan,nan,0.000000000000000000e+00,0.000000000000000000e+00,4.424778761061953780e-03,1.268436578171092642e-02,0.000000000000000000e+00,nan,3.834808259587019295e-03,-2.064896755162215405e-03,nan,nan,1.769911504424803673e-03,nan,nan,nan,nan,nan,5.899705014749568200e-04,nan,nan,nan,nan,1.828908554572277259e-02,nan,0.000000000000000000e+00,2.300884955752215827e-02,0.000000000000000000e+00,nan,2.094395280235989906e-02
-1.402439024390245148e-02,nan,nan,nan,-2.439024390243948841e-03,0.000000000000000000e+00,nan,nan,nan,nan,-1.524390243902451437e-03,0.000000000000000000e+00,nan,nan,nan,-3.658536585365879026e-03,nan,nan,nan,-5.792682926829284713e-03,-1.250000000000006661e-02,nan,-8.231707317073211003e-03,nan,nan,nan,nan,nan,nan,0.000000000000000000e+00,nan,nan,nan,nan,-3.353658536585402226e-03,nan,nan,0.000000000000000000e+00,0.000000000000000000e+00,-2.134146341463449923e-03,-1.402439024390247403e-02,0.000000000000000000e+00,nan,-1.067073170731711561e-02,-8.231707317073211003e-03,nan,0.000000000000000000e+00,3.048780487804769626e-04,nan,nan,nan,nan,nan,-6.097560975609983775e-04,nan,nan,nan,nan,-7.012195121951281251e-03,nan,0.000000000000000000e+00,0.000000000000000000e+00,0.000000000000000000e+00,nan,-1.189024390243904536e-02
1.042654028436018621e-02,nan,nan,nan,1.200631911532385951e-02,0.000000000000000000e+00,nan,nan,nan,nan,-3.791469194312746451e-03,0.000000000000000000e+00,nan,nan,5.371248025276465290e-03,1.358609794628753455e-02,nan,nan,nan,9.478672985782022470e-03,7.582938388625603925e-03,nan,nan,nan,nan,nan,nan,nan,nan,0.000000000000000000e+00,nan,nan,nan,nan,1.453396524486572083e-02,nan,nan,0.000000000000000000e+00,0.000000000000000000e+00,6.951026856240138593e-03,1.327014218009481272e-02,0.000000000000000000e+00,nan,9.478672985782022470e-03,1.263823064770930229e-03,nan,nan,-6.319115323854207706e-04,nan,nan,0.000000000000000000e+00,nan,9.162717219589278095e-03,0.000000000000000000e+00,nan,nan,nan,nan,1.579778830963664976e-02,nan,0.000000000000000000e+00,1.706161137440760298e-02,0.000000000000000000e+00,nan,9.478672985782022470e-03
2.163833075734200584e-03,nan,nan,nan,9.273570324575431279e-04,0.000000000000000000e+00,nan,nan,nan,nan,2.071097372488415328e-02,0.000000000000000000e+00,nan,nan,nan,9.273570324574986756e-03,nan,nan,nan,7.109737248840830408e-03,5.564142194744992054e-03,nan,nan,nan,nan,nan,nan,nan,nan,0.000000000000000000e+00,nan,nan,nan,nan,-1.545595054095772001e-03,nan,nan,0.000000000000000000e+00,0.000000000000000000e+00,1.236476043276679791e-03,6.491499227202513281e-03,0.000000000000000000e+00,nan,1.607418856259663562e-02,-3.091190108191366084e-04,nan,nan,1.545595054095860689e-03,nan,nan,0.000000000000000000e+00,nan,4.327666151468378616e-03,-9.273570324574764495e-04,nan,nan,nan,nan,1.545595054095829680e-02,nan,0.000000000000000000e+00,2.009273570324578845e-02,0.000000000000000000e+00,nan,1.854714064915041804e-03
-4.242424242424313978e-03,nan,nan,nan,-3.333333333333366073e-03,0.000000000000000000e+00,nan,nan,nan,nan,-3.030303030303071934e-03,0.000000000000000000e+00,0.000000000000000000e+00,nan,-2.727272727272778228e-03,-7.878787878787929522e-03,nan,nan,nan,2.727272727272689323e-03,-3.939393939393976037e-03,nan,nan,nan,nan,nan,nan,nan,nan,0.000000000000000000e+00,nan,nan,nan,nan,-7.878787878787929522e-03,nan,nan,0.000000000000000000e+00,0.000000000000000000e+00,-3.030303030303094051e-03,-5.454545454545512220e-03,0.000000000000000000e+00,nan,-6.363636363636437573e-03,-1.151515151515156675e-02,nan,nan,-8.484848484848516934e-03,nan,nan,nan,nan,nan,-4.242424242424292294e-03,nan,nan,nan,nan,9.090909090908816598e-04,nan,0.000000000000000000e+00,0.000000000000000000e+00,0.000000000000000000e+00,nan,-5.151515151515217647e-03
-2.153846153846106053e-03,nan,nan,nan,3.076923076923132432e-03,0.000000000000000000e+00,nan,nan,nan,nan,-4.307692307692278892e-03,0.000000000000000000e+00,nan,nan,nan,-4.615384615384576783e-03,nan,nan,nan,2.153846153846194957e-03,-5.230769230769216800e-03,nan,2.769230769230790305e-03,nan,nan,nan,nan,nan,nan,0.000000000000000000e+00,nan,nan,nan,nan,-9.538461538461495692e-03,nan,nan,0.000000000000000000e+00,0.000000000000000000e+00,-2.461538461538426061e-03,9.230769230769598089e-04,0.000000000000000000e+00,nan,-6.769230769230727071e-03,-6.461538461538430048e-03,nan,nan,-2.153846153846128604e-03,nan,nan,nan,nan,-4.615384615384576783e-03,-2.461538461538448179e-03,nan,nan,nan,nan,5.230769230769261036e-03,nan,0.000000000000000000e+00,3.076923076923199002e-04,0.000000000000000000e+00,nan,4.307692307692323128e-03
7.250755287009047825e-03,nan,nan,nan,9.969788519637456589e-03,0.000000000000000000e+00,nan,nan,nan,nan,6.646525679758296876e-03,0.000000000000000000e+00,0.000000000000000000e+00,nan,nan,9.667673716012070706e-03,nan,nan,nan,6.948640483383661075e-03,8.761329305135911322e-03,nan,7.250755287009025274e-03,nan,nan,nan,nan,nan,nan,0.000000000000000000e+00,nan,nan,nan,nan,-6.042296072507724169e-04,nan,nan,0.000000000000000000e+00,0.000000000000000000e+00,-3.021148036253862084e-04,7.854984894259797040e-03,0.000000000000000000e+00,nan,8.459214501510547990e-03,3.021148036253418104e-04,nan,nan,5.135951661631410828e-03,nan,nan,nan,nan,nan,-2.220446049250313204e-17,nan,nan,nan,nan,1.752265861027189203e-02,nan,0.000000000000000000e+00,1.510574018126886742e-02,0.000000000000000000e+00,nan,7.552870090634433708e-03
7.938931297709972759e-03,nan,nan,nan,-3.664122137404524082e-03,0.000000000000000000e+00,nan,nan,nan,nan,8.244274809160345718e-03,0.000000000000000000e+00,nan,nan,nan,1.435114503816801133e-02,nan,nan,nan,1.465648854961840684e-02,1.068702290076339878e-02,nan,7.328244274809225973e-03,nan,nan,nan,nan,nan,nan,0.000000000000000000e+00,nan,nan,nan,nan,6.717557251908456636e-03,nan,nan,0.000000000000000000e+00,0.000000000000000000e+00,1.282442748091607888e-02,1.251908396946570592e-02,0.000000000000000000e+00,nan,-1.526717557251866531e-03,-3.053435114503288863e-04,nan,nan,2.748091603053492808e-03,nan,nan,nan,nan,nan,0.000000000000000000e+00,nan,nan,nan,nan,1.404580152671761582e-02,nan,0.000000000000000000e+00,1.679389312977106613e-02,0.000000000000000000e+00,nan,-2.442748091603008827e-03
-9.331259720062101476e-04,nan,nan,nan,1.244167962674962505e-02,0.000000000000000000e+00,nan,nan,nan,nan,4.354587869362380737e-03,0.000000000000000000e+00,nan,nan,nan,1.337480559875583487e-02,nan,nan,nan,-5.287713841368590559e-03,1.617418351477448862e-02,nan,7.465007776049747967e-03,nan,nan,nan,nan,nan,nan,0.000000000000000000e+00,nan,nan,nan,nan,-3.110419906687411466e-03,nan,nan,0.000000000000000000e+00,0.000000000000000000e+00,-1.866251944012442630e-03,1.617418351477448862e-02,0.000000000000000000e+00,nan,4.976671850699831978e-03,-2.488335925349893871e-03,nan,0.000000000000000000e+00,3.732503888024885259e-03,nan,nan,nan,nan,nan,2.799377916018630334e-03,nan,nan,nan,nan,1.119751166407465491e-02,nan,0.000000000000000000e+00,1.430793157076202214e-02,0.000000000000000000e+00,nan,6.220839813374734678e-04
-1.266968325791861805e-02,nan,nan,nan,-8.446455505279093154e-03,0.000000000000000000e+00,nan,nan,nan,nan,-6.938159879336436298e-03,0.000000000000000000e+00,nan,nan,nan,-9.049773755656187468e-03,nan,nan,nan,-6.938159879336436298e-03,-1.176470588235301040e-02,nan,-1.236802413273008217e-02,nan,nan,nan,nan,nan,nan,0.000000000000000000e+00,nan,nan,nan,nan,-8.748114630467651587e-03,nan,nan,0.000000000000000000e+00,0.000000000000000000e+00,-9.049773755656520969e-04,-5.429864253393756890e-03,0.000000000000000000e+00,nan,-1.085972850678740276e-02,-6.938159879336413746e-03,nan,nan,-7.843137254902043942e-03,nan,nan,nan,nan,-8.144796380090579824e-03,-5.429864253393756890e-03,nan,nan,nan,nan,-9.049773755656742146e-04,nan,0.000000000000000000e+00,-3.016591251885581077e-04,0.000000000000000000e+00,nan,-6.938159879336436298e-03
